x,y
537329.05,6583408.21
537341.11,6583484.79
539998.14,6582640.2
539959.44,6582623.95
539971.6,6582695.96
539937.56,6582736.43
539877.24,6582526.43
539866.15,6582502.06
539954.78,6582669.27
539846,6582468.55
539917.79,6582627.29
539750.48,6582390.32
539724.81,6582378.37
539699.74,6582369.79
539837.55,6582523.11
539807,6582485
539578.01,6582305.49
539578.01,6582305.49
539529.33,6582273.47
539708.48,6582426.23
539492.94,6582250.58
539646.4,6582382.61
539447.37,6582245.15
539411.96,6582224.23
539533.56,6582328.8
539503.56,6582333.27
539454.15,6582313.5
539428.11,6582290.83
539319.53,6582202.46
539388.81,6582294.95
539301.03,6582195.66
539277.53,6582184.67
539253.38,6582173.95
539237.5,6582166.06
539303.43,6582233.83
539268.44,6582217.93
537645.98,6583788.76
537644.88,6583834.75
537675,6583817.35
537675.3,6583838.35
537617.2,6583786.18
537711.57,6583758.63
537675.05,6583725.13
537730.66,6583666.89
535317.8,6579758.29
535333.59,6579783.66
535379.44,6579777.97
535348.83,6579805.21
535401.31,6579809.3
540344.53,6582690.75
540312.74,6582687.88
540349.83,6582648.82
540345.77,6582620.06
540310.76,6582655.23
540300.93,6582616.43
540333.42,6582541.58
540306.25,6582576.29
540319.28,6582441.83
540304.49,6582544.67
540275,6582468
540246.03,6582195.81
540212.67,6582289.83
540205.36,6582245.17
540205.34,6582203.76
536889.61,6581976.16
539652.26,6582071.16
539631.05,6582075.44
539578.89,6582011.71
539626.61,6582099.49
539547.4,6582006.64
539617.7,6582133.15
539465.96,6581987.79
539609.2,6582067.87
539579.77,6582054.74
539549.1,6582047.14
539504.58,6582044.49
539468.17,6582066.95
539275.21,6581953.42
539452.85,6582029.02
539238.5,6581949.55
539434.39,6582022.61
539196.82,6581940.74
539252.15,6581998.56
539222.15,6581984.44
539188.01,6581984.58
539141.45,6582016.95
539476.36,6583354.84
539469.46,6583336.36
539491.74,6583326.65
539540.92,6583324.96
539569.62,6583313.8
539626.2,6583273.03
539662.31,6583268.4
539597.63,6583249.35
539676.64,6583203.8
539701.08,6583220.55
539807.69,6583121.19
539831.45,6583169
539853.1,6583070.74
539865.42,6583123.04
539910.8,6583107.37
539944.01,6583085.83
540030.42,6583015.6
538506.59,6581740.29
538488.92,6581713.47
538454.48,6581733.55
536854.5,6582510.64
536879.71,6582470.94
536824.54,6582451.18
536808.61,6582408.53
543412.13,6581249.45
543473.65,6581150.99
539690.8,6581849.75
539692.89,6581829.83
539609.43,6581822.86
539647.86,6581807.8
543447.93,6581118.06
538628.47,6583504.98
538557.99,6583505.56
538586.47,6583482.39
538540.53,6583478.69
538535.9,6583491.39
538504.45,6583433.51
538450.66,6583438.67
538482.96,6583422.43
538430.4,6583448.13
538382.44,6583430.16
538354.98,6583409.15
538352.51,6583422.63
538425.04,6583411.39
538328.03,6583423.38
538399.82,6583402.66
538309.48,6583402.08
538364.98,6583386.52
538345.19,6583382.29
538262.74,6583383.87
538256,6583406
538250,6583405
538297.12,6583371.4
538161.33,6583356.73
538137.08,6583355.66
538253.75,6583357.45
538229.67,6583349.92
538047.1,6583350.65
538027.53,6583332.47
538027.19,6583350.08
538113.47,6583312.01
537899.11,6583280.37
537981.41,6583258.85
537931.6,6583266.24
537766.29,6583251.74
537850.24,6583234.02
537817.03,6583200.27
537753.25,6583186
537679.37,6583218.19
537669.01,6583184.49
537691.96,6583162.88
537622,6583211
537496.35,6583189.74
537534.12,6583147.18
537485.98,6583130.42
539805.76,6581776.29
539734.8,6581789.47
539914.71,6581898.71
539923.15,6581908.81
539886.08,6581879.86
539736.96,6581756.59
539724.61,6581712.88
539691.69,6581778.31
539657.31,6581771.17
539592.71,6581715.9
539637.84,6581769.99
539537.3,6581721.43
539620.84,6581767.62
539598.06,6581765.25
539455.5,6581696.56
539586.16,6581797.21
539406.99,6581692.88
539558.9,6581756.08
539521.95,6581751.32
543082.69,6581317.77
543122.51,6581315.13
538213,6582945
538214,6582942
538225.39,6582917.55
538194.85,6582921.4
538290.01,6582757.1
538310.28,6582710.65
538354.8,6582570.93
538354.8,6582570.93
538416.91,6582543.2
538371.34,6582541
538405.21,6582464.53
538611.97,6582078.65
538641.24,6582041.13
538504.56,6582211.82
538647.16,6581993.73
538570.99,6582088.08
538580.69,6582062.46
538561.05,6582067.2
538598.47,6582019.23
538573.99,6582005.89
538832.17,6581794.45
538648.31,6581891.27
538636.33,6581843.51
538675.01,6581704.01
538923.37,6581494.83
538797.99,6582822.73
538791.72,6582836.88
538752.8,6582841.34
538504.72,6582866.12
538520.04,6582846.06
538470.59,6582850.51
538440,6582856
538511.03,6582915.1
538399.68,6582824.2
538384.3,6582807.78
538377.04,6582788.95
538442.6,6582906.04
538409.04,6582889.31
538318.76,6582789.56
538319.03,6582833.71
538232.87,6582763.74
538207.18,6582755.8
538240.06,6582797.73
538236.27,6582815.08
538104.08,6582698.53
538077.14,6582703.13
538103.33,6582744.37
538106.03,6582762.69
538053.07,6582677.38
538082.95,6582751.29
538013.62,6582674.79
538024.85,6582733.86
537935.2,6583128.18
537917.23,6583188.89
537976.14,6583170.22
537945.46,6583224.45
537879.62,6583449.19
537843.24,6583420.27
537873.54,6583475.08
537842.26,6583445.24
537872.56,6583499.81
537812.84,6583474.5
535717.66,6580633.33
535747.34,6580628.11
535684.05,6580694.87
535665.76,6580767.66
535680.75,6580671.85
535654.69,6580718.93
535655.12,6580693.17
535670.4,6580582.4
535649.22,6580652.47
535642.96,6580614.86
535617.27,6580619.4
535644.12,6580396.22
535639.14,6580362.72
535570.63,6580598.62
535589.35,6580558.92
535612.48,6580556.96
535634.47,6580553.08
535629.8,6580523.09
535625.72,6580494.2
536908.96,6582545.85
536462.44,6582607.4
536426.14,6582615.53
536728.83,6582538.36
536664.03,6582544.36
536346.51,6582599.6
536314.93,6582605.56
536597.37,6582551.97
536588.3,6582556.84
536579.54,6582541.36
536564.62,6582560.46
536264.09,6582574.41
536467.43,6582569.56
536132.45,6582515.22
536417.05,6582570.12
536023.27,6582438.73
536288,6582547
536251.82,6582538.07
536136.03,6582476.65
536117.91,6582463.93
536085.32,6582437.7
536051.92,6582394.6
536175.45,6583504.68
536173.95,6583558.95
537037.03,6581758.4
537052.13,6581850.78
537036,6581812
537082.82,6581811.94
537055.46,6581792.95
537069.85,6581776.98
537038.35,6581712.58
537056.4,6581692.8
537090.12,6581727.05
537132.28,6581747.42
537140.31,6581762.57
537248.98,6581705.81
537211.06,6581688.34
537259.39,6581725.71
537206.7,6581652.93
537183.64,6581636.53
537211.28,6581627
537287.32,6581647.21
537358.37,6581602.04
537331.85,6581577.36
537373.51,6581544.61
539721.5,6582615.5
539765.74,6582551.65
539745.06,6582459.52
539760.88,6582514.88
539782.8,6582535.73
539786.18,6582416.98
539788.43,6582476.42
539818.2,6582426.37
539831.05,6582357.09
539350,6583699
539397.33,6583746.77
539023.96,6583531.33
539002.01,6583540.12
539047,6583579
539157.33,6583572.8
539217.98,6583637.1
539368.75,6583640.53
539419.35,6583659.75
539264.34,6583630.81
539482.3,6583681.65
539287.7,6583635.91
539277.28,6583647.04
539516.2,6583695.78
539516.2,6583695.78
539317.21,6583648.44
539406.09,6583686.65
539444.89,6583696.48
539467.75,6583708.26
538403.77,6581636.05
538437.48,6581564.01
538459,6581511
538369.25,6581621.34
538398,6581533.41
538334.26,6581587.96
538329.41,6581542.51
538264.84,6581538.27
538305.78,6581490.85
538221.55,6581488.67
538259.81,6581466.74
538191.9,6581464.42
538230.26,6581397.93
538239.11,6581414.12
538150.28,6581431.71
538182.08,6581363.89
538092.68,6581377.56
538125.13,6581364.76
538108.18,6581345.7
538025.3,6581334.27
538091.27,6581335.79
538005.85,6581354.02
538065.8,6581316.75
537979.88,6581306.17
538046.76,6581304.9
538030.98,6581294.54
537939.7,6581279.11
538014.27,6581281.45
537994.92,6581272.19
537861.87,6581235.91
540805.52,6583622.13
540777.91,6583608.87
540661.19,6583514.92
540696.94,6583604.22
536621.25,6580763.48
536624.12,6580788.79
536593.53,6580771.73
536599.39,6580795.28
536558.52,6580779.84
536567.4,6580804.94
536535.08,6580785.89
536526.44,6580814.72
536496.49,6580819.53
536465.63,6580829.29
536361.22,6580787.44
536340.1,6580786.45
536416.64,6580819.24
536380.51,6580819.79
536300.11,6580784.36
536357.58,6580814.7
536311.87,6580815.03
536280.94,6580810.6
536177.62,6580758.95
536151.74,6580753.14
538985.55,6582677.19
537017.44,6582112.47
537050.98,6582105.53
537139.26,6582066.67
537175.64,6582040.56
537169.17,6581983.44
537291.91,6581988.76
537394.32,6581959.13
537211.2,6581956.55
537440.73,6581967.02
537246.05,6581954.99
537569.75,6581948.47
537591.27,6581954.41
537629.68,6581939.88
537661.54,6581949.57
537694.95,6581990.05
537705.19,6582011.41
537719.31,6581936.94
537737.55,6582009.14
537793.48,6581940.85
537800.74,6581988.67
537788.72,6582008.68
537835.69,6581945.26
537570.86,6581886.11
538900.97,6583503.37
538909.13,6583486.82
538847.87,6583487.1
538926.67,6583462.23
538942.16,6583469.96
538942.16,6583469.96
538939.66,6583431.71
538948.13,6583408.75
538972.03,6583429.97
538898.33,6583421.64
538979.54,6583384.71
538914.98,6583378.43
540631.84,6581938.26
540658.53,6581828.25
540649.28,6581791.61
540621.63,6581873.48
540865.46,6582810.85
540918.62,6582832.9
540929.15,6582870.27
539293.17,6583611.67
539293.17,6583611.67
539328.7,6583598.24
539317.97,6583625.43
539278.79,6583676.35
539306.19,6583689.14
539294.1,6583730.69
538974.32,6582456.21
539033.9,6582320.77
539040.06,6582287.93
539045.2,6582234.14
539045.2,6582234.14
538968.45,6582241.33
539103.65,6582196.33
538987.1,6582217.13
539120.16,6582176.86
538983.86,6582179.7
539020.01,6582191.96
539066.15,6582117.74
539028.96,6582139.58
539034.17,6582110.7
539031.88,6582010
539035.78,6582075.23
539041.54,6582053.86
539100.95,6581987.98
539077.2,6582007.89
539025.25,6581972.24
538968.39,6581982.4
539096.76,6581933.87
539071.09,6581927.32
539011.8,6581899.49
539041.15,6581833.04
539000.21,6581867.22
543019.85,6581336.72
543028.38,6581380.36
543055.58,6581366.66
543041.38,6581397.84
543082.02,6581390.71
536180.88,6581725.96
536168.79,6581781.11
536117.28,6581736.41
536139.31,6581765.54
536149.36,6581806.39
536099.41,6581766.98
536100.48,6581809.77
536067.76,6581771.81
536033.64,6581777.77
535962.52,6581833.17
535944.99,6581855.97
535745.37,6580886.61
535736.65,6580938.03
535812.2,6580993.16
535761.51,6580943.87
535769.24,6580975.93
535828.15,6581052.3
535776.86,6581005.7
535827.76,6581081.21
535853.2,6581067.92
535776.37,6581086.89
535806.03,6581145.75
535796.32,6581130.01
535908.47,6581210.62
535784.53,6581216.23
535828.19,6581228.71
535901.45,6581345.46
535838.3,6581260.43
535858.17,6581331.53
535928.41,6581392.88
535923.81,6581410.76
535855.41,6581359.91
535863.96,6581392.8
535925.57,6581462.42
535953.68,6581538.22
535873.1,6581454.16
535892.84,6581527.73
535982.76,6581604.64
535915.11,6581586.06
536004.53,6581646.33
535927.74,6581618.4
535994.15,6581698.38
535931.05,6581647.27
535912.57,6581685.06
535939.56,6581666.03
536010.69,6581780.49
535935.94,6581741.28
535956.63,6581763.32
535986.57,6581883.07
536090.05,6582060.5
535965.89,6581918.93
535969.93,6581950.74
535999.26,6581902.28
536010.93,6581961.53
536111.38,6582168.13
536022.59,6581991.21
536133.12,6582203.73
536011.55,6582026.16
536140.34,6582243.42
536029,6582047.46
536133.23,6582269.47
536171.12,6582297.96
536050.92,6582107.15
536184.04,6582426.34
536079.23,6582194.2
536090.69,6582232.67
536065,6582237
536211.08,6582519.6
536084.72,6582260.65
536079.87,6582295.15
536239.68,6582627.25
536103.8,6582317.94
536077.61,6582331.1
536247.26,6582673.19
536097.36,6582355.25
536109.08,6582382.44
536132.95,6582424.36
536142.89,6582444.34
536285.16,6582870.27
536183.14,6582622.81
536187.89,6582645.2
536199.22,6582680.69
536212.64,6582703.48
536234.34,6582783.88
536195.79,6582793.98
536242.65,6582835.11
536225.51,6582854.06
536369.14,6583495.88
536409.81,6583522.04
536412.81,6583544
536423.27,6583571.71
536424.35,6583614.85
536439.28,6583641.61
536400.69,6583704.17
540060.08,6583495.62
540068.2,6583549.44
540014.95,6583556
540010.57,6583526.96
540010.47,6583501.62
540034.14,6583485.36
540061.4,6583368.09
540054.21,6583333.32
540038.09,6583434.59
540029.1,6583374.78
540026.5,6583343.36
540026.87,6583193.78
540001.16,6583248.84
539996.43,6583227.66
539962,6583141
540015.68,6583118.68
539959.83,6583116.04
540220.52,6582695.16
540268.39,6582748.32
540282.05,6582699.34
540415.86,6582720.5
540520.95,6582779.39
540542.45,6582801.44
540855.13,6582935.41
540885,6582938.03
540701.49,6582884.55
540834.01,6582912.86
540893.64,6582913.54
540929.55,6582913.38
540704.98,6583099.6
540731.56,6583097.41
540724.14,6583036.25
539217.6,6582289.17
539191.88,6582268.73
539226.29,6582259.34
539184.56,6582245.23
539228.32,6582234.82
539151.94,6582183.75
539232.43,6582202.59
539190.79,6582146.12
539237.24,6582130.22
535431.51,6581704.47
535418.72,6581687.38
535431.35,6581725.81
535770.21,6582816.06
535442.08,6581757.65
536218.76,6583055.24
536275.73,6583076.13
535449.89,6581782.58
535461.65,6581821.39
535493.32,6581825.87
535505.82,6581855.73
535484.1,6581894.13
535474.96,6581888.77
535479.72,6581913.94
535524.4,6581900.72
535489.32,6581945.92
535531.03,6581932.64
535494.47,6581967.22
535533.98,6582126.77
535581.36,6582124.05
535558.64,6582151.76
535580.06,6582306.94
535607.14,6582341.29
536033.1,6582838.37
536004.81,6582810.24
536124.13,6582920.63
536652.68,6582446.35
536609.2,6582483.33
536625.84,6582426.65
536540.55,6582466.9
536520.91,6582461.02
536507.07,6582454.73
536474.23,6582438.72
541313.43,6583960.56
541359,6583931.14
541292.92,6583895.12
541300.15,6583853.18
541343.92,6583848.2
541350.02,6583787.21
541305.14,6583773.24
541375.5,6583800.68
541300.84,6583706.52
541305.98,6583685.07
541315.28,6583661.45
541264.47,6583068.89
541258.88,6582990.57
541469.08,6582723.23
536546.01,6583007.52
536389.33,6583056.84
536382.88,6583024.76
537773.38,6581747.84
537803.37,6581780.84
537817.17,6581760.36
537807.8,6581704.97
537750.76,6581684.08
537795.54,6581674.34
537852.49,6581721.41
537850.06,6581643.26
537879.63,6581661.6
537868.52,6581620.79
537918.03,6581530.72
537958.44,6581556.46
537969.92,6581530.64
538014.04,6581477.47
538014.04,6581477.47
537977.53,6581453.69
538005.03,6581410.55
538030.86,6581369.27
538045.34,6581348.23
538068.42,6581367.64
540680.25,6582659.19
540723.57,6582705.2
540718.13,6582713.86
540726.14,6582750.94
535624.25,6579561.1
535593.09,6579604.31
535555.59,6579579.47
535549.03,6579613.2
535294.26,6579702.73
535342.4,6579693.68
535383.62,6579679.55
535397.92,6579752.3
535276.29,6579731.48
535381.82,6579721.09
535253.84,6579746.98
535231,6579704
535351.01,6579730.37
535224.73,6579767.47
535203.85,6579782.18
535178.35,6579801.85
535157.86,6579816.77
535226,6579821
535057.55,6579881.21
535022.29,6579908.6
534992.22,6579933.05
536023.51,6581210.86
536039.75,6581256.98
535989.21,6581233.16
535962.87,6581239.5
535952.5,6581312.72
535822.76,6581327.72
535771.2,6581356.75
535883.22,6581268.46
535678.85,6581361.95
535800.79,6581266.61
535787.08,6581268.25
535781.07,6581302.48
535743.2,6581314.52
535553.03,6581360.75
535516.81,6581358.1
535636.25,6581325.84
535510.93,6581316.73
535479.51,6581320.14
537360.86,6583754.86
537376.44,6583779.38
537382.88,6583728.28
537396.96,6583746
537355,6583826
537408.99,6583801.06
537376.38,6583842.01
537406.17,6583873.17
536318.79,6582439.44
536302.91,6582472.07
536285.37,6582435.57
536211.69,6582485.84
540596.35,6581694.46
540706.89,6581740.18
540684.9,6581777.66
540690.57,6581820.07
540587.44,6581813.64
539369.87,6583342.87
539381.61,6583312.18
539338.56,6583268.66
539440.56,6583276.98
539447.83,6583300.61
539421.13,6583243.84
539407.15,6583260.17
539493.98,6583280.14
540443.07,6583573.32
540462.71,6583540.87
540495.44,6583521.51
540454.5,6583485.06
540436.47,6583472.23
540567.17,6583418.31
540567.17,6583418.31
540483.14,6583447.43
540541.12,6583389.28
539802.88,6583659.65
539684.53,6583753.66
539793.68,6583691.53
539690.73,6583787.58
539788.92,6583708.55
539763.8,6583698.17
539730.46,6583800.57
539800.66,6583488.75
539782.43,6583484.6
539786.21,6583458.2
537341.81,6582424.77
537294.91,6582425.72
537190.14,6582504.18
537195.81,6582518.37
537064.43,6582696.06
537046.39,6582607.59
536984.2,6582703.85
537000.18,6582638.11
536895.34,6582584.82
540689.96,6582341.21
540720.27,6582338.43
540642.74,6582302.3
540712.35,6582291.23
540716.54,6582269.29
540598.68,6582105.51
540659.73,6582037.05
540558.52,6581859.67
540522,6581849.15
540546.51,6581824.77
540606.78,6581518.45
540641.76,6581373.92
540457.48,6581161.42
540437.92,6581147.94
540325.6,6581157.07
540291.91,6581143.85
540265.64,6581151.32
540050.59,6582393.59
540073.9,6582302.48
540108.82,6582266.48
540096.44,6582202.76
540103.52,6582164.05
540110.96,6582126.34
540110.05,6582059.35
540091.52,6582068.24
540081.9,6582010.81
540051.88,6582071.29
540030.02,6582108.55
537583.16,6581536.13
537603.59,6581507.58
537668.38,6581447.6
537714.7,6581401.97
539137.69,6583610.47
539105.44,6583660.78
539168.57,6583633.75
539179.31,6583673.57
539264.8,6583700.11
539192.15,6583710.81
539220.24,6583719.5
539237.65,6583753.83
539781.06,6583100.84
539785.64,6583020.34
539748.33,6583032.24
537043.96,6581108.4
537013.45,6581126.8
537029.34,6581099.19
536988.15,6581118.45
536964.5,6581107.93
536952.82,6581069.55
536941.12,6581093.26
543402.37,6581171.65
543364.16,6581166.37
543381.7,6581194.11
543347.33,6581185.41
543350.85,6581218.28
543325.81,6581198.53
543276.28,6581150.13
543285.18,6581055.49
543315.73,6581028.62
543336.1,6581097.83
543349.74,6581116.78
543380.63,6581148.52
540850.13,6583862.76
540838.67,6583815.3
540857.42,6583770.25
540820.81,6583704.67
540812.04,6583733.01
540753.81,6583674.77
540741.84,6583749.04
540694.42,6583634.42
540650.03,6583598.15
540704.97,6583696.23
540609.2,6583563.67
540678.36,6583680.44
540678.36,6583680.44
540658.7,6583655.14
540570.86,6583510.61
540611.1,6583609.64
540519.37,6583473.19
540549.29,6583575.29
540536,6583542.31
540460.5,6583427.66
540395.13,6583426.28
540353.02,6583361.36
540272.65,6583289.42
540252.23,6583326.51
540230.51,6583301.14
538487.28,6583342.82
538466.97,6583362.48
538740.14,6583419.35
538738.15,6583422.82
538732.14,6583371.84
540470.29,6581904.87
540493.32,6581887.63
540463.19,6581882.64
540482.92,6581851.51
541092.16,6582247.46
541082.55,6582212.58
541030.82,6582208.07
541065.57,6582258.38
541090.46,6582350.46
541059.87,6582349.01
541126.56,6582313.98
537828.68,6582031.55
537800.35,6582027.94
537866.98,6581986.03
537863.87,6582010.87
537833.7,6582002.73
542948.05,6581439.9
542932,6581475
542973,6581501
542971.97,6581465.13
543015.72,6581472.76
543037.17,6581451.71
540662.25,6583769.29
540603.66,6583776.5
540608.04,6583749.26
540642.94,6583691.29
540604.2,6583724.4
540610.76,6583695.01
540604.43,6583669.73
540580.65,6583653.53
539247.48,6583476.7
539210.37,6583522.9
538832.1,6583371.44
538806.65,6583360.32
538800.97,6583401.36
538827.59,6583396.86
540993.73,6583623.85
541035.21,6583656.63
540986.17,6583694.5
541038.84,6583692
541041.53,6583725.18
535089.97,6580482.49
535055.17,6580477.37
536817.01,6580832.89
536774.75,6580809.22
536909.02,6580872.4
536773.05,6580746.66
536770.45,6580699.41
536799.48,6580803.19
536876.89,6580780.29
536891.65,6580765.85
536915.87,6580769.54
536954.8,6580874.42
538156.07,6582731.77
538170,6582709
538167,6582708
538235.03,6582628.01
538247.43,6582606.11
537262.21,6583841.45
537283.41,6583854.27
537311.04,6583861.4
537505.63,6583672.04
537363.5,6583667.34
537444,6583697
537453.28,6583668.66
537475.11,6583723.41
537322.09,6583704.17
537364.21,6583707.66
537292.97,6583713.53
537274.53,6583691.35
537323.67,6583746.69
537341.69,6583729.32
537307.14,6583760.97
537306.47,6583798.53
537353.41,6583794.77
537237.22,6583776.97
537205.18,6583745.59
537135.96,6583647.61
537117.62,6583704.74
537245.12,6583823.64
537198.81,6583856.08
535927.34,6580021.11
535995.51,6579996.05
535988.01,6580038.32
536021.01,6580021.45
536112.81,6579988.72
536148.38,6579984.31
539515.12,6583656.3
539515.12,6583656.3
539551.17,6583717.94
539517.11,6583730.85
539519.6,6583757.94
539567.22,6583749.84
537644.88,6582077.26
537648.34,6582052.49
537583.02,6582069.09
537560.87,6582082.94
537625.11,6582018.79
537607.5,6582006
537534.54,6582022
537588.04,6582023.73
537499.08,6582009.62
537504.02,6581988.44
537559.91,6581996.01
537454.31,6581985.12
536842.13,6582232.83
536872.16,6582261.85
536816.46,6582272.13
536703.59,6582429.84
536748.55,6582447.04
536618.99,6582553.14
535166.23,6580317.63
535120.75,6580415.56
535021.28,6580363.99
534917,6580432
537828.13,6582604.62
535417.26,6583596.22
535414.92,6583637.92
535426.25,6583657.9
535400.83,6583692.66
535453.95,6583693.4
537384.64,6582647.85
537360.09,6582666.4
537268.51,6582627.05
537265.35,6582582.7
537229.56,6582554.89
537231.32,6582576.97
536877.28,6582381.22
536841.66,6582360.05
537147.53,6582522.78
536757,6582308
536744.66,6582280.63
536739.78,6582302.12
537113.28,6582469.28
537070,6582477.17
536671.57,6582262.9
537052.69,6582464.31
536614.66,6582189.22
536582.8,6582181.4
536562.34,6582199.12
536956,6582387.68
536556,6582170
536539.25,6582184.94
536932.45,6582369.19
536481.22,6582096.12
536467.38,6582085.48
536441.15,6582068.99
536356.55,6581997
536756.97,6582250.36
536756.09,6582213.02
536295.38,6581931.17
536710.46,6582211.85
536673.93,6582194.26
536542.07,6582090.09
536406.56,6581724.33
536509.91,6582069.49
536424.6,6581678.81
536479.46,6581620.47
536509.86,6581589.14
536391.39,6581965.2
536347.85,6581910.52
536400.9,6581835.21
536471.91,6581665.09
536526.79,6581660.29
538014.58,6581735.49
537955.18,6581744.7
537964.79,6581730.77
538035.81,6581677.74
537979.58,6581680.99
537979.58,6581680.99
538054.77,6581663.02
538073.53,6581640.07
538008.89,6581648.06
538077.87,6581611.31
538094.11,6581589.55
538120.1,6581615.56
538107.63,6581574.48
538041.07,6581607.76
538166.36,6581493.53
538080.41,6581552.18
538132.26,6581483.74
536866.35,6582195.69
536787.5,6582202.44
536786.07,6582134.92
536738.22,6582143.25
536700.05,6582071.27
536668.96,6582050.87
536590.48,6582027.71
536574.58,6582059.57
536612.04,6582002.88
536522.05,6581978.26
536522.05,6581978.26
536573.98,6581978.61
536510.01,6581932
536478.64,6581899.38
536381.13,6581915.1
536383,6581897.22
540752.25,6583436.24
540826.76,6583362.8
540846.64,6583359.8
540859.37,6583348.84
540867.82,6583325.74
540901.64,6583350.55
540904.99,6583332.96
540943.59,6583403.42
540953.07,6583318.86
540939.99,6583371.13
540957.75,6583375.18
540979.56,6583369.99
541003.54,6583388.33
534964.29,6579873.73
534974.99,6579836.92
534986.29,6579888.96
535002.89,6579851.73
535036.27,6579870.57
535095.1,6579917.36
535097.78,6579989.34
535131.76,6579967.5
535149.71,6580086.94
535211.1,6580071.8
535221.04,6580097.74
538719.98,6582072.68
538756.77,6582058.82
538713.35,6582061.27
538749.16,6582007.09
538747.29,6581975.25
538716.21,6581995.9
538704.58,6581975.58
538699.7,6581939.15
538592.69,6581915.39
538612.09,6581884.01
538574.58,6581873.93
538574.59,6581845.18
538566.14,6581963.43
538548.23,6581989.3
538547.17,6581906.14
538539.51,6581970.77
538564.49,6581932.5
538511.79,6581999.38
538543.62,6581932.59
538505.23,6581924.95
535988.11,6581335.84
535991.87,6581359.95
535966.3,6581374.28
536078.69,6581310.59
536088.39,6581328.56
536041.4,6581338.46
536028.25,6581429.82
536074.03,6581390.61
536071.47,6581489.94
536049.23,6581553.47
536094.01,6581527.31
536051.79,6581593.04
536102.72,6581559.09
536049.78,6581618.6
536088.24,6581599.46
536057.52,6581652.52
536111.16,6581633.4
536117.78,6581666.66
536061.85,6581738.61
536094.81,6581697.23
536093.85,6581736.45
537718.89,6583099.21
537847.17,6583172.95
537846.12,6583193.51
537695.15,6583092.06
537673.69,6583084.83
537698.4,6583135.72
537692.69,6583153.72
537606.48,6583039.49
537660.92,6583113.49
537572.46,6583042.61
537556.72,6583026.76
537525.9,6583079.16
537522.02,6583040.41
537498.84,6583070.08
537494.42,6583033.22
537477.59,6583062.9
537470.97,6583026.84
537459.42,6583057.31
537436.18,6581098.21
537421.4,6581119.86
537394.84,6581127.27
537400.84,6581098.88
536906.49,6581511.11
536920.84,6581499
536970.91,6581476.25
536953.86,6581485.61
536982.07,6581457.52
537045.16,6581425
537075.24,6581412.82
537041.83,6581370.27
537092.73,6581366.49
536914.88,6581547.77
537114.2,6581361.08
537192.63,6581340.21
536991.41,6581499.84
537215.72,6581300.3
537205.97,6581275.31
537033.32,6581488.59
537230.43,6581273.35
537226.33,6581253.04
537055.38,6581473.14
537094.94,6581466.09
537269.22,6581194.38
537130.9,6581429.54
537285.34,6581150.61
537156.95,6581413.23
537307.07,6581121.68
537296.09,6581094.85
537317.52,6581053.37
537306.6,6581070.5
537326.73,6581034.2
537238.88,6581322.86
537281.62,6581327.46
537275.08,6581352.01
537360.23,6581011.48
537315.18,6581293.68
537268.16,6581259.85
537370.49,6580915.19
537364.27,6580866.72
537349.44,6580837.64
537314.24,6581169.35
537371.42,6580780.91
537349.07,6581105.06
537359.62,6581083.63
537390.87,6581030.31
537418.91,6581051.69
537404.36,6581008.48
537402.34,6580927.41
537403.59,6580901.57
537475.33,6580837.68
537430.18,6580782.59
537464.83,6580871.61
537464.43,6580879.86
537457.33,6580885.9
537491.53,6580895.8
537499.36,6580894.73
537520.09,6580912.63
536448.83,6581343.52
536448.83,6581343.52
539867.54,6583507.39
539928.03,6583482.64
539839.11,6583407.91
539815,6583426
539813,6583430
539852.51,6583385.67
539798.04,6583419.12
539724.18,6583363.81
539594.85,6583304.13
539704.41,6583351.58
539704.41,6583351.58
539573.16,6583270.96
539560.88,6583258
539701.48,6583331.03
539650.67,6583309.87
539456.17,6583080.44
539439.82,6583082.27
539447.34,6583060.8
539573.32,6583213.2
539561.27,6583194.4
539499.81,6583089.85
541282.63,6583215.27
541108.15,6583231.32
541416.58,6584008.22
541448.1,6584023.33
541282.3,6583262.07
537040.15,6582341.86
537030.62,6582367.26
537000.5,6582368.25
537041.82,6582425.22
537006.39,6582398.11
536988.93,6582492.84
537055.31,6583959.56
537045.05,6583911.46
537035.03,6584054.17
537021.23,6583899.54
536989.66,6583894.17
536972.65,6583875
540094.22,6582929.84
540162.98,6582925.13
540094.64,6582902.63
540188.28,6582901.07
540204.56,6582838.99
540098.68,6582841.51
540106.71,6582814.21
540258.73,6582841.05
540138,6582812.52
540235.48,6582794.88
540096.86,6582762.42
540139.58,6582763.01
540142.51,6582738.88
540144.9,6582720.67
540105.2,6582525.13
540068.96,6582512.37
539971.87,6582443.06
540121.38,6582478.3
539919.79,6582401.22
539811.16,6582347.68
539817.33,6582296.72
539770.67,6582351.99
539782.13,6582328.78
539789.67,6582282.93
539728.86,6582301.85
539753.12,6582263.7
539700.74,6582284
539717.58,6582246.59
539624.76,6582249.97
539699.94,6582235.1
539600.73,6582240.8
539622.2,6582211.43
539559.63,6582228.75
539591.92,6582191.96
539512.5,6582203.64
539509.06,6582232.04
539591.95,6582161.04
539446.82,6582194.29
539466.68,6582196.61
539571.96,6582136.92
539559.81,6582187.94
539528.82,6582168.99
539356.24,6582145.23
539527.39,6582116.53
539497.06,6582110.83
539259.43,6582135.96
539470.57,6582129.81
539194.15,6582126.85
539352.38,6582110.14
539330.19,6582097.66
539118.84,6582136.85
539282.64,6582080.3
539077.17,6582136.76
539091.51,6582119.45
539255.45,6582095.11
539252.78,6582051.85
539226.39,6582097.04
539200.14,6582094.35
538929.43,6582132.26
539181.48,6582071.61
538904.42,6582117.33
539066.97,6582077.95
538786.72,6582135.26
539010.65,6582075.19
538748.7,6582146.72
538980.59,6582037.8
538721.08,6582153.39
538953.5,6582047.67
538906.72,6582069.06
538632.07,6582163.27
538804.25,6582078.31
538680.51,6582098.5
538644.37,6582119
538642,6582085
538654,6582101
538652,6582098
538650,6582096
538646,6582091
538644,6582088
540116.42,6582728.39
540094,6582733.36
537546.14,6583674.71
537547.1,6583696.82
537545.15,6583724.76
537623.27,6583704.79
537477.83,6583804.8
537477.4,6583891.55
537498.98,6583879.4
537419.01,6584093.27
535913.48,6579899.99
536020.42,6579927.35
536019.77,6579902.48
535913.14,6581077.01
535899.94,6581058.58
535966.07,6581147.13
535883.6,6581083.89
535934.92,6581126.59
535868.86,6581126.68
535848.31,6581130.44
535858.86,6581156.82
538692.76,6583151.83
538610.34,6583119.68
538723.53,6583103.71
538620.12,6583105.15
538751.63,6583104.2
538784.17,6583044.5
538713.6,6583057.27
538850.19,6582991.15
538883.1,6582962.74
538823.15,6582969.21
538838.46,6582957.53
538860.73,6582944.44
538979.75,6582883.03
538876.96,6582930.78
538895.25,6582910.77
538930.71,6582884.58
539062.59,6582813.5
538936.44,6582879.95
539090.37,6582804.43
538955.96,6582867.33
538969.69,6582853.59
539254.45,6582680.59
539159.2,6582642.47
539234.17,6582550.59
539261.39,6582521.88
539271.2,6582504.69
536459.81,6581821.83
536434.35,6581766.38
536467.1,6581761.26
536387.4,6581771.55
536381.67,6581730.29
536401.22,6581700.19
536352.83,6581752.08
536371.06,6581706.19
536317.76,6581746.78
536320.49,6581731.7
536360,6581664
538268.31,6583429.26
538268.31,6583429.26
538231.98,6583417.58
538238.69,6583459.35
538170.97,6583412.87
538210.91,6583456.97
538191.8,6583455.32
538152.47,6583450.83
538139.54,6583440.62
538109.52,6583436.39
538011.58,6583387.14
538076.53,6583439.56
538039.25,6583434
537907.53,6583361.28
537869.24,6583353.08
537976.01,6583409.06
537925.66,6583440.09
537803.23,6583321.7
537815.41,6583305.73
537766.72,6583310.6
537721.88,6583308.64
537849.2,6583378.14
537840.55,6583383.75
537659.34,6583285.59
537803.07,6583366.04
537616.72,6583269.64
537628.3,6583248.65
537780.51,6583359.04
537759.56,6583359.38
537697.59,6583337.23
537677.17,6583336.92
538426.16,6583183.88
539277.44,6582414.96
539302.33,6582400.2
539390.66,6582321.09
539319.18,6582295.57
539370.68,6582282.58
539337.27,6582255.68
539369.21,6582259.6
539345.44,6582211.57
539349.74,6582188.08
539353.87,6582166.69
539383.15,6582179.41
539393.95,6582118.89
539408.47,6582050.5
539416.23,6582016.14
539378.97,6582036.09
539380.86,6582003.54
539454.61,6581940.65
539388.9,6581962.77
539390.93,6581953.47
539456.96,6581786.04
539474.37,6581792.1
539474.7,6581767.67
539473.81,6581745.89
540969.99,6583288.4
540931.14,6583129.19
540929,6582883.76
540909.57,6582752.54
540912.11,6582726.12
540919.56,6582700.23
540892.61,6582592.9
540885.67,6582560.23
540892.05,6582447.76
540890.79,6582364.93
540895.97,6582257.95
540881.8,6582105.87
540913.58,6582100.45
540885.73,6582073.27
540880.57,6582030.1
540872.14,6581991.49
540882.54,6581905.15
540924.89,6581878.47
540882.62,6581852.71
540962.48,6581804.92
540928.84,6581793.56
540891.42,6581794.28
540858.87,6581767.42
540933.01,6581747.26
540958.61,6581728.44
540886.15,6581745.59
540952,6581698
540966.48,6581607.49
540945.88,6581635.26
539042.45,6583073.5
539066.62,6583097.38
539039.29,6583252.26
539077,6583253
539009,6583230
539090.27,6583235.34
539087.44,6583199.61
539082.1,6583133.25
539117.6,6583157.71
539142.32,6583087.97
539172.96,6583092.34
539162.94,6583065.59
539228.95,6583001.25
539275.97,6583022.37
539274.13,6583041
539300.16,6583005.73
539307.62,6582977.57
539330.34,6582961.85
536694.41,6582318.65
536670.73,6582337.66
536622,6582328.39
536664.65,6582316.54
536594.75,6582356.2
536491.72,6582279.41
536522.42,6582344.6
536492.43,6582336.58
536394.83,6582286.64
536442.93,6582327.74
536334.99,6582306.95
536370.86,6582335.57
536209.14,6582289.58
536281.31,6582350.4
536173.55,6582323.82
539099.72,6583004.35
539054.27,6583031.53
539272.33,6583137.24
539232.54,6583142.11
539258.76,6583110.47
539261.7,6583081.73
539208.8,6583091.34
539226.1,6583074.75
539178.22,6583051.5
539132.46,6583001.43
539178.58,6583011.19
539005,6582885
538999.25,6582872.13
539111.61,6582924.38
538941.29,6582848.3
539090.09,6582902.48
539095.24,6582857.9
539107.75,6582813.62
538828.79,6582792.9
538815.93,6582805.61
538945.04,6582808.46
538985.1,6582830.99
538919.05,6582802.48
538846.8,6582744.26
538837.66,6582761.82
538678.9,6582733.63
538768.26,6582743.21
538580.55,6582711.71
538576.71,6582734.09
538727.55,6582710.24
538710.77,6582710.65
538504.87,6582693.76
538684.79,6582712.12
538438.4,6582648.6
538406.86,6582645.71
538541,6582619.59
538510.66,6582613.91
538286.91,6582601.06
538209,6582557.49
538183.37,6582544.08
538154.54,6582559.54
538407.95,6582590.49
538320.21,6582551.8
538099.7,6582512.51
538263.54,6582535.44
538244.54,6582518.28
538154.43,6582423.72
538154.43,6582423.72
538149.81,6582460.18
538124.6,6582435.66
535811.57,6581978.45
535706.68,6581974.82
535670.86,6581997.24
535688.28,6582039.99
535610.33,6582042.1
535526.48,6582006.76
535512.88,6582041.35
536271.15,6583488.68
536238.84,6583525.57
536266.99,6583553.56
536261.67,6583588.32
536229.77,6583581.24
536228.72,6583605.58
536272.38,6583655.66
536218.9,6583642.22
536307.74,6583554.11
536294.51,6583517.83
536317.44,6583519.54
536337.06,6583522.52
535824.2,6582394.66
535765.23,6582338.24
535814.51,6582436.67
535754.75,6582361.76
535781.32,6582426.51
535785.98,6582445.95
539692.49,6583693.48
539713.04,6583703.69
539745.58,6583721.57
539692.82,6583720.1
539795.5,6583735.5
539800.47,6583772.83
543125.88,6581265.65
543157.05,6581276.84
543006.46,6581496.29
536240.66,6581965.01
536205.52,6581954.85
536175.38,6582013.75
536154.19,6582019.64
536139.2,6581966.69
536122.49,6582052.06
536994.6,6584079.49
536994.58,6580963.59
536998.46,6580907.54
536998.61,6580873.08
540403.4,6583539.37
540349.96,6583484.18
540262.57,6583402.37
540173.97,6583383.66
540109.36,6583355.11
541038.94,6583918.49
541041.45,6583882.61
541035.28,6583849.68
540986.97,6583874.66
540965.46,6583849.74
541003.92,6583769.2
541017.09,6583744.91
540940.98,6583785.86
540948.2,6583749.98
540932.56,6583734.43
540976.03,6583658.65
540930.38,6583647.66
540924.58,6583694.7
540891.88,6583576.79
540781.48,6583474.98
540849.89,6583506.13
540844.03,6583486.49
540754.87,6583401.23
540746.46,6583366.99
540804.71,6583366.55
540806.34,6583338.59
540749.21,6583297.04
540753.18,6583169.4
540862.57,6583216.52
540844.57,6583210.01
540832.97,6583142.95
540802,6583169.64
540751.83,6583040.46
540757.98,6582987.39
540820.26,6583121.26
540844.07,6583096.65
540756.5,6582953.76
540806.61,6583070.77
540750.91,6582917.15
540812.36,6583022.82
540738.47,6582865.48
540803.69,6582992.91
540760.58,6582827.87
540752.52,6582800.2
540815.64,6582875.56
540768.12,6582618.8
540830.55,6582785.63
540776.03,6582462.24
540777.14,6582417.52
540835.25,6582736.02
540816.3,6582712.27
540828.46,6582684.17
540811.32,6582652.34
540762.8,6582264.89
540843.65,6582625.36
540779.98,6582226.78
540816.5,6582560.32
540789.76,6582160.18
540856.58,6582485.13
540824.12,6582486.1
540893.36,6582411.54
540784.74,6582113.37
540834.51,6582373.2
540856.19,6582399.28
540792,6582064.03
540829.65,6582301.27
540851.96,6582301.36
540774.55,6581959.48
540731,6581888
540676.88,6581925.07
540772.91,6581873.54
540728.01,6581841.48
540838.28,6582102.36
540840.39,6582016.15
540784,6581117.97
540628.9,6581034.94
540829.71,6581877.97
540820.24,6581830.39
540816.28,6581797.12
540809.71,6581762.15
540914.58,6581147.13
540834.07,6581179.88
535020.48,6579713.39
534995.8,6579667.91
534897.83,6579617.45
535283.94,6580090.38
535249.02,6580043.42
535230.14,6580015.01
535209.23,6579992.44
535171.88,6579936.8
535152.64,6579910.34
535109.92,6579710.72
535137.53,6579884.89
535106.56,6579789.06
535100.08,6579853.95
535079.1,6579869.4
535073.78,6579790.49
535051.1,6579778.56
535080.32,6579839.39
535054.83,6579826.7
535030.35,6579816.69
535027.02,6579767.14
535008.95,6579800.95
534984.89,6579787.17
534955.6,6579709.46
534934.73,6579692.7
534915.18,6579691.03
534893.04,6579690.22
534843.94,6579697.99
534822.69,6579682.22
535024.13,6580698.99
534978.03,6580722.71
534990.68,6580666.94
534945.7,6580691.66
534958.1,6580633.92
534970.76,6580571.22
534912.59,6580659.38
534926.95,6580604.82
534938.52,6580536.63
534871.66,6580396.6
534867.02,6580363.2
534821.05,6580144.52
534801.78,6580055.73
539349.63,6583539.86
539295.46,6583514.99
539077.66,6583500.88
539146.43,6583486.25
539125.81,6583531.47
539161.57,6583498.29
539177.12,6583534.73
539229.32,6583558.64
539253.63,6583529.5
539293.42,6583536.93
539335.44,6583567.47
539351.95,6583597.41
539372.56,6583546.62
539395.53,6583620.54
539410.79,6583590.95
539433.5,6583599.83
539496.95,6583649.07
539455.75,6583602.27
539587.31,6583680.96
539548.84,6583627.91
539610.73,6583670.26
539599.71,6583636.72
536168.41,6580974.55
536194.17,6580962.17
536258.21,6580912.4
536276.24,6580891.17
540491.93,6582705.91
540449.64,6582717.02
540516.3,6582595.29
540406.89,6582623.3
540515.53,6582569.92
540518.61,6582518.6
540452.52,6582413.23
540399.53,6582432.47
540383.42,6582390.6
540431.58,6582346.25
540419.7,6582320.13
540402.45,6582149.62
540343.49,6582142.3
540303.71,6582192.03
540368.03,6582103.6
540296.77,6582046.91
540315.11,6582005.86
540306.49,6581980.37
540277.73,6582014.38
540349.14,6581975.92
540260.64,6581990.07
540271.01,6581961.24
540156.8,6581995.13
540133.95,6581997.73
536861.26,6580899.71
536861.53,6580865.82
536889.18,6580735.02
536873.09,6580729.18
536826.58,6580676
538811.95,6583122.63
538885.18,6583048.65
538909.85,6583086.59
538957.06,6583048.51
538989.38,6582928.62
538990.01,6582976.72
539027.15,6582941.11
539020.72,6582995.91
539049.49,6582914.71
539078.16,6582975.57
539128.18,6582897.38
539158.42,6582901.31
539199.86,6582805.82
539223.51,6582782.03
539219.12,6582825.38
539286.37,6582721.14
539243.8,6582803
539315.14,6582708.7
539300.49,6582696.66
539301.55,6582654.18
539302.84,6582794.77
539334.6,6582776.29
539333,6582739.45
539450.67,6582472.82
539530.74,6582406.63
539451.42,6582632.44
539529.41,6582522.95
539592.71,6582269.65
539546.19,6582466.43
539627.31,6582176.94
539590.53,6582409.1
539654.12,6582147.68
539662.91,6582111.03
539671.9,6582074.6
539697.73,6582006.09
539665.39,6582295.42
539717.18,6581907.32
539691.08,6582188.27
539722.86,6581885.5
539724.19,6581871.18
539700.87,6582149.89
539710.39,6582111.19
539742.79,6581811.22
539718.48,6582079.7
539064.25,6582738.41
539000.31,6582747.52
538973.12,6582696.56
538944.99,6582719.85
538911.44,6582738.62
538816.15,6582703.9
538744.1,6582663.76
538720.14,6582664.96
538388,6582465
538373.54,6582432.32
538602.52,6582622.72
538621.99,6582589.66
538352.84,6582440.88
538524.24,6582572.56
538273.33,6582410.81
538498.1,6582567.39
538252.2,6582398.08
538466.43,6582553.94
538225.15,6582374.82
538449.31,6582517.41
538329.19,6582471.67
538239.08,6582459.41
538238.27,6582474.11
538240.41,6582434.95
538206.52,6582420.24
538179.33,6582406.95
536274.94,6583618.98
536318.65,6583660.76
536352.46,6583586.14
536340.64,6583617.45
536369.5,6583636.34
536389.17,6583607.75
540217.16,6583619.01
540210.55,6583625.04
540210.55,6583625.04
540177.87,6583597
540227.65,6583572.27
540317.09,6583468.6
540329.08,6583442.15
540239.03,6583491.78
540253.59,6583465.87
540263.46,6583448.69
540332.32,6583383.06
540356.32,6583344.41
540375.76,6583325.44
540555.68,6583159.83
540584.3,6583162.48
537371.69,6581769.04
537386.97,6581697.2
537346.62,6581734.16
537321.82,6581706.57
537316.52,6581676.29
537344.05,6581673.47
537097.81,6581904.46
537125.93,6581902.93
537150.11,6581895.38
537168.28,6581872.06
537177.88,6581887.38
537174.87,6581801.64
537239.26,6581783.32
537284.47,6581774.24
537302.35,6581759.03
537333.49,6581768.72
537355.77,6581769.6
537416.06,6581757.27
537651.59,6581671.66
537666.4,6581649.31
537706.66,6581643.9
537543.69,6581728.32
537570.95,6581705.19
537624.98,6581641.94
537643.87,6581624.71
537601.72,6581655.44
537612.07,6581656.83
537658.74,6581610.04
537698.26,6581575.26
537802.57,6581503.2
537746.23,6581505.28
537781.42,6581438.62
537778.69,6581416.34
537826.55,6581359.67
537787.05,6581360.4
537912.58,6581322.39
537924.93,6581300.88
537885.6,6581303.3
537899.47,6581283.55
537910.74,6581266.37
541153.74,6583920.52
541103.25,6583925.97
541139.54,6583891.46
541060.03,6583898.68
541132.7,6583837.34
541097.28,6583867.12
541152.09,6583818.91
541173.88,6583847.7
541085.44,6583847.96
541158.58,6583791.54
541100.57,6583828.56
541116.75,6583813.54
541108.93,6583773.59
541139.88,6583732.34
541122.72,6583702.9
541089.13,6583684.21
541085.36,6583653.74
541080.47,6583629.53
541060.82,6583622.67
539959.35,6582846.36
539959.35,6582846.36
539922.91,6582820.71
539976.24,6582831.74
539948.3,6582794.18
539934,6582784.51
539991.07,6582818.82
540032.01,6582781.12
539990.62,6582723.21
540044.22,6582749.83
540026.8,6582674.81
540050.55,6582736.52
540012.79,6582615.16
540058.92,6582713.1
540066.61,6582693.57
540066.15,6582552.86
540126.68,6582560.57
540155.7,6582545.5
540165.72,6582533.37
540170.24,6582505.79
540362.15,6582536.93
540419.91,6582520.28
540487.51,6582490.58
540283.55,6582501.97
540527.7,6582471.95
540548.05,6582465.94
540354.35,6582459.9
540407.37,6582463.93
540638.65,6582434.26
540442.52,6582458.24
540703.02,6582426.68
540722.17,6582420.25
540569.03,6582407.31
540778.37,6582390.74
540616.12,6582395.67
540633.12,6582374.36
540666.48,6582375.77
540700.99,6582380.93
540730.11,6582373.26
540748,6582368.57
536147.45,6583514.52
536141.79,6583555.74
536125.37,6583509.19
536121.84,6583554.36
536092.94,6583522.06
536088.39,6583547.7
536059.54,6583554.79
536043.35,6583509.07
536015.4,6583546.83
536017.97,6583504.51
535974.81,6583540.29
535997.12,6583500.36
535939.21,6583538.25
535932.79,6583491.86
535888.39,6583520.28
535907.21,6583486.9
535887.81,6583455.82
535825.68,6583508.39
535822.18,6583454.99
535799.91,6583429.52
535761.8,6583466.24
535745.46,6583453.67
535733.55,6583479.91
538442.65,6582391.46
538432.25,6582326.41
538354.84,6582315.76
538339.75,6582352.49
538315.84,6582371.53
538315.84,6582371.53
538342.89,6582376.93
538332.85,6582290.04
538326.82,6582274.73
538313.64,6582339.05
538282.27,6582287.12
538298.91,6582275.61
538211.15,6582319.59
538191.22,6582328
535034.71,6579995
535054.35,6580021.19
535071.1,6580042.64
535110.04,6580099.22
535132.32,6580118.17
540077.02,6583281.71
540089.29,6583334.49
540159.64,6583208.39
540200.06,6583212.55
540185.03,6583188.76
540179.45,6583168.2
540275.24,6583207.53
540224.41,6583200.25
540247.24,6583187.34
535797.8,6581771.14
535772.83,6581754.89
535742.14,6581799.66
535688.99,6581769.86
535637.78,6581811.72
535629.4,6581835.62
535196.48,6580243.75
535068.47,6580220.24
535657.18,6579840.6
535593.19,6579786.12
535512.51,6579797.82
535470.21,6579781.91
535429.83,6579807.46
535438.99,6579849.65
535360.52,6579836.23
535383.51,6579865.59
535358.38,6579884.03
535326.65,6579904.56
535314.55,6579922.48
535250.1,6579890
535236.92,6579899.58
535186.56,6579957.79
535145.08,6579989.24
535103.45,6580020.11
535093.12,6580077.23
537971.58,6582751.87
537962.39,6582768.23
538280.23,6582037.54
538389.42,6581881.44
538377.64,6581809.75
538444.18,6581780.63
538486.92,6581777.75
538524.49,6581765.23
538229.24,6582241.21
538245.29,6582198.18
538245.29,6582198.18
538311.87,6582071.1
538320.05,6582049.28
538334.65,6582023.83
538364.86,6582010.61
538372.18,6581965.3
538420.04,6581902.68
538461.03,6581863.85
538465.75,6581859.21
538470.15,6581854.88
538474.81,6581850.29
538478.84,6581893.24
538483.38,6581888.94
538488.37,6581884.59
538493.17,6581880.33
538500.4,6581864.46
538516.24,6581809.8
538553.03,6581788.35
541293.16,6583662.2
541256.47,6583666.06
541265.99,6583654.84
541240.85,6583653.79
541202.83,6583685.24
541254.18,6583699.5
541230.64,6583752.47
541234.97,6583774.95
539708.42,6582911.61
539675.2,6582925.11
539689.04,6582894.24
537630.69,6583016.87
537669.1,6583019.9
537658.5,6583051.75
537635.55,6583107.08
537606.93,6583105.3
537589.27,6583161.47
537599.64,6583225.17
537517.01,6583412.68
537581.44,6583326.71
540741.11,6581960.93
540709.25,6581960.62
540662.78,6581969.73
540737.79,6582008.99
540565.67,6581963.92
540692.88,6582012.79
540525.83,6581988.84
540554.98,6582077.44
540508.92,6582041.59
540388.39,6582030.24
540415.7,6582074.66
540276.18,6582075.68
540254.04,6582108.76
540192.53,6582023.17
540199.23,6582050.06
540210.46,6582078.41
540287.49,6582136.43
540195.88,6582137.77
540173.94,6582151.09
540149.8,6582172.33
540132.54,6582184.03
540157.98,6582219.62
540114.17,6582194.04
540145.26,6582251.53
540168.11,6582315.06
542248.12,6582067.47
542248.2,6582156.32
542208.89,6582175.96
539553.81,6583786.28
539414.96,6583770.91
539278.04,6583758.88
535096.04,6580767.16
535073.53,6580770.66
539855.6,6582287.15
539820.89,6582257.99
539833.84,6582241.98
539784.91,6582245.78
539750.9,6582227.82
539768.94,6582108.82
539754.31,6582092.75
543323.08,6580688.09
543336.76,6580784.61
543294.35,6580742.15
543295.47,6580797.13
543305.82,6580816.38
543315.92,6580837.26
543326.05,6580857.38
537004.85,6582969.4
537212.14,6582779.15
537078.58,6582881.32
537135.8,6582925.94
540884.34,6583039.31
540911.28,6583023.45
540232.15,6583011.13
540216.96,6583030.25
540248.28,6582983.83
540266.77,6582940.77
540277.36,6582919.5
540266.57,6582887.01
540296.59,6582875.36
540282.47,6582846.03
540312.9,6582813.58
540330.89,6582769.27
539879.32,6582996.54
539850.47,6583027.97
539839.04,6583010.98
539857.09,6582949.53
539831.74,6582938.15
539821.56,6582988.01
540881.73,6583107.1
540931.53,6583106.68
540904.83,6583052.07
538324.01,6583135.96
538298.2,6583223.61
538282.03,6583249.85
538258.84,6583300.07
538249.46,6583279.81
538231.73,6583317.1
538240.45,6583333.98
540842.62,6583458.92
540905.88,6583475.63
540859.25,6583457.8
540895.39,6583451.06
540943.03,6583472.58
540921.47,6583445.62
540956.06,6583438.75
540939.4,6583421.82
540987.4,6583432.95
541024.06,6583455
541015.86,6583427.04
538589.33,6583331.22
535752.56,6580606.32
535708.95,6580606.41
535701.45,6580581.37
535742.21,6580568.98
535697.22,6580559.41
535726.29,6580549.62
535693.87,6580537.5
535690.6,6580515.15
535720.63,6580509.7
535688.95,6580492.98
535730.21,6580490.45
535684.65,6580470.81
535711.98,6580453.51
535714.63,6580414.58
535698.31,6580351.57
535553.95,6580237.48
535511.09,6580205.78
535455.44,6580169.92
535683.82,6580271.02
535689.56,6580229.32
535345.62,6580085.42
535676.47,6580213.9
535324.79,6580058.52
535309.6,6580037.39
535683.97,6580171.7
535294.37,6580010.6
535273.8,6579986.06
535253.03,6579956.42
535406.39,6580076.41
535383.73,6580045.77
535372.65,6580030.3
535353.64,6580002.93
535338.2,6579980.61
535317.75,6579954.02
535297.48,6579925.61
538428.44,6583348.31
538348.28,6583446.15
538371.53,6583412.05
536530.02,6581211.9
539031.35,6583151.09
538993.98,6583145.13
539018.75,6583177.07
538896.63,6583140.85
538869.93,6583156.11
538824.44,6583045.44
538797.06,6583106.26
538802.56,6583059.04
538646.15,6582819.44
538656.7,6582777.97
538701.89,6582950.04
538662.42,6582915.86
538553.85,6582762.38
538629.12,6582892.54
538532.66,6582754.82
538506.84,6582737.13
538513.95,6582715.89
538555.94,6582810.09
538460.15,6582734.62
538497.81,6582782.46
538438.78,6582716.96
538385.45,6582700.93
538434.98,6582790.93
538359.26,6582686.27
538418.14,6582776.51
538294.38,6582670.44
538374.54,6582761.01
538388.75,6582747.93
538253.62,6582646.37
538229.02,6582644
538156.98,6582607.35
538175.1,6582611.79
538136.4,6582596.68
538118.29,6582576.21
538260.69,6582681.87
538038,6582570.23
538144.45,6582654.59
537914.35,6582458.27
538118.28,6582648.08
538107.53,6582625.37
538031.85,6582600.19
537821.92,6582541.18
537418.77,6582030.46
537697.73,6582434.56
537678.13,6582408.04
537666.06,6582384.99
537585.7,6582276.77
537582.21,6582255.28
537209.86,6581752.73
537197.27,6581735.65
537490.82,6582150.79
537119.4,6581657.17
537478.45,6582131.24
537089.67,6581627.36
537103.4,6581640.05
537461.07,6582114.55
537050.29,6581573.95
537050.29,6581573.95
536991.05,6581524.43
537005.26,6581540.34
537418.59,6582079.5
536952.86,6581430.39
537395.95,6582057.43
537339.66,6581994.4
537319.21,6582020.56
537310.87,6581970.3
537266.53,6581907.14
537257.82,6581870.95
537182.07,6581777.3
537153.8,6581735.46
536689.99,6581197.72
537105.49,6581692.75
537057.62,6581649.6
536974.61,6581556.69
536956.88,6581541.39
536944.53,6581549.27
536951.37,6581533.75
536496.86,6581089.66
536729.44,6581348.45
536455.71,6581067.96
536396.08,6581043.8
536346.29,6581025.72
536354.68,6581069.94
536320.88,6581073.51
536330.17,6581055.71
536239.16,6581001.63
536222.21,6581016.38
535617.87,6580919.6
535626.51,6580966.03
535627.26,6580995.08
535666.56,6580967.78
535672.07,6581004.84
535637.64,6581058.33
535695.51,6581035.55
535645.03,6581081.4
535686.88,6581062.56
535652.65,6581114.12
535698.09,6581103.66
535662.84,6581149.43
535696.69,6581135.72
535675.18,6581202.51
535711.05,6581175.47
535753.34,6581181.91
535716.14,6581202.64
535686.3,6581246.66
535703.37,6581288.76
535709,6581316.38
535734.39,6581277.95
535723.47,6581354.87
535733.73,6581379.26
535774.73,6581383.61
535792.06,6581409.88
535724.36,6581441.77
535795.72,6581444.43
535749.5,6581469.31
535732.39,6581500.43
535787.73,6581585.19
535787.73,6581585.19
535838.49,6581578.77
535783.09,6581615.28
535836.27,6581606.58
535801.03,6581640.87
535862.17,6581629.9
535794.04,6581679.5
535873.56,6581662.75
535847.81,6581662.74
535816.96,6581701.1
535861.44,6581701.14
535868.88,6581729.34
535844.22,6581802.54
535879.82,6581791.28
535922.94,6581781.16
535834.87,6581863.86
535828.7,6581897.33
535816.64,6581927.32
535925.65,6581960.63
535881.71,6581982.37
535940.38,6582007.55
535903.24,6582055.14
535953.82,6582061.3
535899.35,6582082.67
535995.89,6582081.18
535900.9,6582111.54
535925.94,6582145.15
535982.05,6582195.04
536007.48,6582223.18
535929.11,6582215.55
536007.11,6582271.96
535938.77,6582276.9
536015.18,6582296.27
535966.02,6582300.26
535931.39,6582312.17
536013.46,6582320.43
535950.7,6582340.4
535979.07,6582361.7
536025.74,6582363.26
535512.76,6581623.9
535532.62,6581707.35
535579.52,6581699.99
535594.63,6581725.28
535596.2,6581752.89
535621.8,6581739.45
535551.15,6581780.31
535593.84,6581793.47
535549.8,6581813.44
535538.83,6581875.1
535577.16,6581889.5
535632.16,6581917.11
535652.41,6581935.31
535605.9,6581975.53
535607.63,6581982.65
535632.7,6582051.44
535674.6,6582073.09
535634.68,6582073.13
535635.82,6582080.67
535671.42,6582105.52
535694.19,6582129.95
535680.41,6582157.42
535623.26,6582174.47
535694.03,6582185.6
535644.27,6582195.9
535657.72,6582254.93
535703.91,6582302.37
535709.51,6582327.54
535760.24,6582308.82
535685.25,6582384.24
535796.94,6582468.96
535721.78,6582525.94
535502.04,6579675.13
535515.19,6579596.9
535515.59,6579737.91
535521.39,6579769.4
535548.34,6579676.09
535528.55,6579838.38
535553.97,6579734.63
535533.36,6579868.84
535554.57,6579762.57
535534.81,6579901.51
535539.05,6579929.04
535542.92,6579960.63
535546.87,6579988.59
535549.39,6580016.63
535552.89,6580050.26
540961.75,6583971.7
540943.92,6583930.46
540934.74,6583956.8
540912.25,6583961.49
540944.59,6583904.83
540856.47,6583928.53
540813.81,6583913.32
540778.38,6583877.91
540756.54,6583833.88
540725.66,6583840.51
540697.52,6583838.34
540676.18,6583826.3
540551.65,6583778.29
540576.84,6583764.45
540518.13,6583769.42
540478.5,6583753.54
540455.14,6583710.16
540429.84,6583707.33
540405.24,6583703.43
540401.58,6583723.9
540376.11,6583673.91
540380.14,6583714.69
540329.98,6583686.78
540284.76,6583632.45
540308.76,6583626.15
540241.6,6583643.25
540163.31,6583615.28
540063.24,6583609.27
539718.15,6583495.15
539681.57,6583465.8
539658.6,6583476.94
540896.02,6584207.64
539615.18,6583465.86
540865.42,6584016.34
540851.57,6584010.08
539601.09,6583444.26
540873.97,6583986.19
539554.12,6583438.07
539479.89,6583383.42
539408.2,6583365.22
539386.72,6583359.98
539290.49,6583341.73
540579.17,6583836
539095.29,6583421.67
540420.86,6583775.91
538975.2,6583478.74
540393.52,6583773.84
538951.7,6583487.87
540353.22,6583760.52
540345.46,6583761.6
540334.66,6583740.75
540281.15,6583731.07
540150.07,6583672.68
538717.39,6583405.01
538692.97,6583390.95
538656.38,6583393.22
538609.66,6583337.32
539376.69,6583398.45
539302.99,6583379.36
538470.85,6583289.95
539174.64,6583418.58
539126.11,6583433.75
539155,6583454
538387.56,6583226.07
538374.59,6583208.44
539027.14,6583508.64
538306.56,6583153.63
538205.56,6583078.86
538813.4,6583537.34
538765.26,6583496.82
538740.12,6583477.43
538688.18,6583494.16
538663.78,6583481.36
537490.87,6582606.63
538670.89,6583447.25
538638.84,6583474.18
538642,6583476
538632.63,6583447.73
537427.33,6582572.22
537426.98,6582523.74
537370.89,6582511.35
538572.64,6583412.56
537347.99,6582515.31
538536.99,6583395.02
537331.23,6582487.05
538538.47,6583376.15
537303.21,6582479.59
538480.01,6583339.5
537220.93,6582415.47
537239.2,6582421.89
537183.54,6582408.05
538346.36,6583230.66
537084.08,6582301.07
537049.45,6582294.32
538273.56,6583189.63
536955.69,6582182.9
538239.98,6583148.76
536899.09,6582129.83
536870.15,6582092.08
538171.3,6583103
536829.43,6582031.63
538156.96,6583088.44
538135.66,6583073.28
537826.64,6582906.42
536745.12,6581959.15
536758.19,6581956.89
537600.79,6582800.8
536700,6581905
537475.69,6582684.93
536678.55,6581877.82
537409.74,6582621.99
536548.15,6581741.42
536528.2,6581730.84
536505.93,6581704.18
536544.67,6581719.72
537329,6582584.78
537312.53,6582591.62
537310.62,6582549.54
537286.8,6582531.88
536461.72,6581594.87
536414.58,6581591.69
536396.99,6581519.04
537127.84,6582414.26
537098.27,6582412.74
537082.87,6582396.28
536316.06,6581438.15
537021.13,6582346.82
536216.87,6581317.39
536237.35,6581288.44
536947.55,6582331.65
536188.58,6581278.62
536957.62,6582269.87
536143.38,6581222.75
536165.05,6581209.91
536125.7,6581200.72
536888.04,6582181.57
536846.1,6582172.32
536634,6581955.49
535946.61,6580571.59
535985.89,6580520.46
535966.86,6580434.99
535926.52,6580389
535889.83,6580588.87
536534.8,6581824.8
535998.51,6580168.7
536094.88,6580176.29
535908.21,6580301.64
536513.85,6581797.24
536482.68,6581776.71
536402.67,6581647.63
535894.7,6579800.59
536387.99,6581638.2
535886.64,6579724.82
536332.41,6581544.12
536296.8,6581506.2
536255.57,6581582.98
536245.73,6581511.94
536284.65,6581481.3
536270.65,6581454.11
536250.34,6581473.78
536131.71,6581371.6
536171.72,6581319.38
536146.49,6581289.11
536116.58,6581273.46
536089.44,6581291.08
536088.01,6581284.73
536098.27,6581249.78
536080.38,6581226.1
535937,6581040.25
535920.69,6581029.18
535901.68,6581013.61
535892.97,6580989.35
535874.56,6580971.65
535869.1,6580965.45
535732.91,6580786.76
535747.17,6580743.16
535732.76,6580665.48
535838.15,6580171.05
535835.22,6580100.73
535829.5,6580123.63
535841.33,6579915.07
535790.7,6579932.03
535812.69,6579803.38
536474.82,6581311.88
536460.29,6581298.78
536393.92,6581240.28
536407.65,6581203.96
536362.72,6581209.15
536331.68,6581178.12
536254.42,6581037.22
536469.03,6581255.98
536760.26,6580883.68
536625.01,6580871.62
538486.57,6583033.75
538431.05,6583039.05
538364.08,6582942.91
538339.87,6582935.34
538354.17,6582981.33
538316.73,6582917.86
538222.06,6582881.46
538211.78,6582859.78
538185.63,6582901.69
538128.32,6582885.74
538016.74,6582790.86
540270.74,6584134.88
540282.07,6584130.13
540065.44,6583964.88
540049.96,6584018.82
539945.27,6583913.69
540008.16,6583812.9
540028.8,6583818.36
540053.48,6583821.88
539873.12,6583706.38
539901.68,6583808.34
539928.49,6583718.24
539951.52,6583725.99
539970.4,6583732.42
539999.5,6583747.23
539914.97,6583691.02
539953.57,6583700.85
539920.66,6583677.65
539936.81,6583677.84
539948.24,6583639.74
537742.6,6583776.34
537726.64,6583810.46
537715.47,6583881.95
537648.13,6584023.58
536208,6583302.12
536191.83,6583273.94
536203.56,6583333.75
536165.9,6583274.11
536174.33,6583326.61
536145.79,6583257.09
536146.71,6583318.7
536123.71,6583284.16
536089.42,6583290.44
536104.42,6583243.63
536064.95,6583318.7
536078.66,6583256.67
536034.42,6583317.96
536038.96,6583278.05
536005.49,6583265.59
535993.11,6583298.34
535937.53,6583309.59
536278.86,6581629.36
536267.78,6581724.75
536258.96,6581690.77
536238.71,6581693.41
541180.92,6583865.34
539191,6583335.1
540205.86,6583806.97
540160.21,6583800
540149.97,6583752.71
540130.76,6583735.01
540113.61,6583769.19
540102.16,6583773.27
540085.53,6583780.17
540062.74,6583747.49
540080.85,6583712.15
539962.1,6583677.32
539848.13,6583677.48
539829.67,6583637.2
539804.94,6583630.7
538988.14,6583233.67
538974.49,6583225.65
539775.83,6583621.61
539756.86,6583613.65
538932.9,6583251.59
538901.59,6583240.92
539577.26,6583554.73
539565.44,6583584.88
538815.55,6583228.06
539444.66,6583519.47
539515.15,6583545.41
539361.77,6583519.14
539339.64,6583485.48
538667.51,6583168.12
538490.7,6583118.5
539192.27,6583437
539036.11,6583400.47
539024,6583419
539035,6583423
539039,6583424
539050.73,6583429.01
538887.71,6583353.02
538194.34,6582964.77
538172.71,6582940.17
538132.85,6582928.06
538111.35,6582918.39
538722.11,6583326.49
538032.02,6582869.45
538653.61,6583291.25
537937.45,6582813.84
537898.76,6582713.62
537605.68,6582512.83
537618.54,6582527.62
537583.92,6582503.96
537584.71,6582458.71
537562.52,6582482.02
537542.71,6582457.3
537508.24,6582412.13
537495.66,6582393.21
537469.28,6582350.17
537412.09,6582332.17
537531.98,6582588.06
537366.66,6582290.73
537326.69,6582285.41
537324.62,6582239.84
537356.38,6582218.29
537321.8,6582197.94
537303.02,6582225.35
537286.61,6582208.74
537466.32,6582505.48
537292.8,6582177.97
537445.23,6582484.98
537281.79,6582155.16
537422.95,6582458.83
537241.67,6582170.99
537222.86,6582147.65
537403.88,6582432.82
537339.64,6582460.86
537194.48,6582112.9
537330.19,6582370.31
537168.77,6582097.62
537184.27,6582089.82
537204.37,6582067.91
537113.98,6582039.55
537193,6582251
537130.6,6582185.26
537079.82,6582143.74
537015.33,6582067.75
536598.83,6581742.46
536584.59,6581723.44
536579.81,6581663.13
536572.56,6581613.01
536434.07,6581482.08
536402.65,6581459.35
536360.96,6581448.86
539364.33,6582929.82
539353.58,6582996.9
539330.77,6583005.63
539243.64,6582857.25
539171.37,6582770.21
539155.15,6582755.76
539095.01,6582612.72
539080.4,6582684.33
536629.08,6580823.39
536532.93,6580891.68
536428.91,6580919.82
536605.44,6580830.4
536422.2,6580882.45
536578.08,6580836.44
536371.34,6580878.43
536345.91,6580875.29
536319.83,6580874.13
536471.6,6580857.89
536294.38,6580866.64
536444.97,6580855.59
536269.52,6580861.11
536422.16,6580853.3
536356.65,6580849.14
536332.48,6580846.27
536153.05,6580848.96
536110.65,6580834.82
536191.23,6580814.64
536143.42,6580805.16
540721.12,6581561.24
540632.89,6581560.76
540607.87,6581572.09
543435.85,6580646.66
543343.97,6580667.75
543407.61,6580679.4
543404.97,6580689.69
543403.17,6580701.54
543400.42,6580712.82
543398.73,6580725.15
543394.35,6580749.29
543377.27,6580788.59
543369.73,6580797.38
543362.04,6580807.3
540835.88,6583245.05
540841.97,6583227.61
540912.87,6583267.02
540865.19,6583251.32
540946.23,6583261.05
540899.99,6583233.32
540945.3,6583222.2
540735.78,6584008.7
540687.11,6583995.86
540638.5,6583982.98
540598.35,6583961.23
540688.19,6584048.16
540677.34,6584070.38
540669.71,6584035.43
540650.94,6584026.29
540725.88,6584072.48
540707.37,6584059.64
540780.31,6583956.47
540867.85,6583891.35
540898.95,6583866.5
540929,6583880
541055.36,6583791.18
541064.49,6583830.53
540901.58,6583790.95
540895.69,6583807.37
541059.22,6583755.39
539329.72,6583309.94
539198.31,6583135.72
539232.07,6583221.48
539232.07,6583221.48
539239.09,6583201.04
539239.09,6583201.04
535654.96,6580865.55
535678.84,6580857.29
535624.74,6580875.38
535599.94,6580941.39
535552.93,6580906.41
535533.97,6580884.61
535527.81,6580921.28
535473.47,6580952.37
535445.91,6581108.78
535412.66,6581008.36
535422.68,6581038.37
535376.8,6581066.6
535406.28,6581105.38
535403.91,6581116.66
535384.95,6581135.15
535483.7,6581396.48
535409.19,6581241.76
535464.23,6581512.07
535464.98,6581555.13
535416.08,6581294.86
535465.44,6581590.19
535429.86,6581356.33
535431.11,6581407.37
535392.21,6581418.21
535426,6581464.75
535432.04,6581549.83
536392.53,6582717.72
536399.91,6582743.47
536341.74,6582768.22
536424.24,6582757.74
536442.74,6582811.07
536467.76,6582807.95
536383.33,6582846.03
536399.91,6582866.57
536423.5,6582887.95
536431.56,6582912.66
541167.06,6583964.44
541221.89,6583938.46
537159.81,6581263.38
537121.28,6581201.08
537141.91,6581225.46
537180.78,6581226.62
537190.37,6581209.29
537219.82,6581147.46
537187.96,6581124.63
537242.47,6581119.43
537247.73,6581111.22
537206.27,6581086.08
536998.57,6581797.38
536978.39,6581778
536957.82,6581798.16
536947.5,6581746.32
536936.54,6581777.12
536926.55,6581728.09
536915.86,6581756.83
536875.66,6581719.7
536846.79,6581649.59
536827.55,6581630.16
536813.85,6581656.72
536804.37,6581585.36
536776.53,6581558.43
536754.49,6581611.57
536769.54,6581540.31
536754.69,6581586.57
536747.43,6581518.65
536733.34,6581572.89
536691.73,6581477.98
536695.85,6581534.16
536677.58,6581461.85
536685.42,6581517.18
536654.98,6581485.06
536624.84,6581395.02
536592.98,6581435.41
541166.24,6582317.07
541147.95,6582315.65
536523.57,6581382.36
536564.05,6581333.96
536517.79,6581312.3
536675.51,6581301.15
536595.61,6581274.02
536619.8,6581260.75
536651.78,6581247.12
536704.94,6581221.66
536884.35,6581120.93
536729.97,6581208.4
536931.56,6581114.92
536829.2,6581045.78
536912.61,6581052.03
536925.15,6581023.95
537005.47,6581041.9
537247.49,6580963.92
537058.61,6581052.43
537267.95,6580958.81
537079,6581027
537291.63,6580957.37
537086.78,6581001.59
537321.57,6580948.26
537337.64,6580946.16
537421.74,6580959.03
537304.65,6580997.52
537341.96,6580999.17
537521.63,6580967.17
537460.5,6581049.84
537561.02,6580964.65
537478.42,6581017.97
537597.6,6580969.27
535903.28,6579831.09
535955.15,6579801.76
535994.83,6579783.54
536013.52,6579777.71
535990.52,6579859.59
536207.5,6579878.1
536115.79,6579787.44
536139.17,6579776.45
536158.49,6579771.23
536136.89,6579818.45
535605.56,6581467.71
535557.13,6581438.51
535527.11,6581428.3
535522.09,6581527.31
535469.69,6581434.86
535490.74,6581499.88
535420.29,6579707.85
535466.75,6579689.16
535425.25,6579769.33
535476.43,6579848.13
535446.53,6579920.17
535479.34,6579877.88
535449.77,6579947.67
535483.42,6579907.25
535449.82,6579976.75
535484.71,6579934.77
535453.56,6580006.09
535456.16,6580031.75
535492.12,6579997.51
535496.99,6580026.17
535501.3,6580056.2
541340.42,6583908.62
541388.05,6583836.04
541423.4,6583849.37
541402.51,6583823.18
541422.94,6583809.69
541493,6583663
537010.82,6581691.46
537001.66,6581736.64
536842.14,6581525.52
536899.99,6581637.2
536809.82,6581470.41
536785.48,6581446.78
536702.71,6581355.33
536720.88,6581389.6
536864.63,6581589.78
536816.02,6581550.73
536797.7,6581548.13
536796.42,6581535.4
536779.93,6581518.87
536761.29,6581498.48
536744.91,6581484.63
536721.05,6581448.09
536699.18,6581438.74
536689.45,6581418.91
537507,6582874
537653.28,6582922.44
537518,6582914
538573.15,6583062.29
538584.8,6583092.14
538617.86,6583087.45
538623.6,6583012.42
538638.09,6583075.32
538655.44,6582986.26
538675.67,6583037.51
538680.4,6583012.43
538741.71,6582890.47
538707.08,6583009.96
538776.6,6582888.33
538757.2,6582940.77
538754.25,6582955.6
538808.75,6582857.79
538834.94,6582874.67
538828.94,6582847.13
538873.8,6582849.16
538889.07,6582829.72
535197.92,6580834.29
535252.83,6580875.34
535208.8,6580877.25
535253.42,6580908.74
535210.96,6580905.71
535255.47,6580963.45
535215.22,6580962.57
535250.25,6581064.86
535161.56,6581025.17
535221.57,6581065.03
535192.5,6581068.1
535151,6580966
535160.12,6581068.59
535148.63,6580936.7
535128.86,6581065.59
535139.72,6580907.66
535125.41,6581037.13
535131.35,6580867.16
535112.19,6580824.78
535096,6580988
535114,6580978
535107.94,6580948.9
535102.15,6580917.51
535082.02,6580861.06
535067.51,6580834.33
535052.6,6580805.06
537873.19,6582366.29
538007.76,6582306.63
538038.15,6582085.01
538034.22,6582259.29
538059.42,6582056.55
538036.47,6582031.05
538072.32,6582097.92
535504.84,6580259.18
535441.37,6580231
535457.22,6580268.49
535416.46,6580273.93
535726.69,6581099.22
535765.68,6581129.83
535605.51,6581132.72
535619.92,6581091.91
535643.59,6581150.57
535651.83,6581161.95
535518.74,6581133.66
535615.02,6581154.26
535440.53,6581130.46
535436.4,6581145.24
535522.84,6581174.6
535485.32,6581173.06
535465.77,6581192.45
539149.17,6582981.85
539279.24,6582918.62
539172.49,6582962.8
539171.85,6582939.92
539197.57,6582946.21
539350.66,6582882.86
539291.23,6582877.99
539325.92,6582845.26
539424.35,6582823.75
539336.63,6582805.67
539322.12,6582795.92
539359.66,6582812.56
539385.49,6582789.15
539513.22,6582723.75
539548.5,6582697.62
539478.17,6582715.47
539478.17,6582715.47
539480.48,6582697.76
539480.48,6582697.76
537809.34,6583423.11
537781.79,6583427.24
537758.85,6583466.71
537701.99,6583406.14
537629.95,6583448.17
537614.64,6583413.75
537575.13,6583408.64
537498.08,6583386.23
537475.27,6583374.65
537450.42,6583366.56
537419.52,6583359.09
537411.23,6583358.34
537305.86,6583337.52
537233.59,6583331.49
539685.47,6581902.12
539622.55,6581966.75
539588.12,6581921.97
539613.79,6581883.28
539564.64,6581949.62
539592.39,6581881.25
539573.55,6581877.03
539440.27,6581880.69
539534.63,6581868.39
539396.62,6581878.06
539497.96,6581858.38
539341.68,6581905.93
539475.74,6581852.37
539319.45,6581877.69
539454.64,6581849.25
539246.65,6581884.81
539108.57,6581868.23
539087.02,6581836.33
538968.81,6581841.57
538966.46,6581892.84
538902.39,6581917.73
539767.84,6583409.94
539775.52,6583397.17
539787.93,6583339.72
539828.98,6583375.15
539934.16,6583244.12
539943.67,6583261.15
539956.24,6583234.67
539892.92,6583222.86
539966.07,6583178.95
540084.03,6583188.75
540098.76,6583150.76
540066.55,6583123.58
540095.2,6583103.11
540161.99,6583141.24
540173.43,6583153.37
540161.82,6583094.59
540471.22,6583674.08
540540.27,6583675.68
540567.04,6583685.63
540477.93,6583638.52
540394.37,6583646.24
540448.76,6583618.35
540352.94,6583626.45
540304.64,6583602.14
540282.08,6583558.82
540190.19,6583492.37
540127.48,6583542.97
540162.77,6583488.03
540100.5,6583533.02
540152.91,6583477.1
540111.17,6583489.56
540179.34,6583434.89
540015.9,6583442.3
540133.96,6583463.33
540085.85,6583422.6
540002.94,6583348.83
539893.17,6583338.96
539854,6583357
539934.98,6583292.33
539869.67,6583241.14
539807.44,6583238.78
539847.43,6583222.85
539779.72,6583229.13
539734.01,6583111.6
539714.88,6583171.56
539711.24,6583058.68
539666.59,6583076.24
539651.51,6583057.96
539605.41,6583005.84
539619,6582989
539566.03,6582856.43
539547.28,6582815.95
539568.96,6582990.32
539581.88,6582965.09
539517.29,6582775.67
539502.72,6582749.36
539483.83,6582863.3
539456,6582859
539397.44,6582613.79
539399,6582592
539350.3,6582600.71
539372.35,6582609.84
539322.03,6582581.68
539206.6,6582547.65
539195.94,6582543.61
539172.47,6582529.57
539142.62,6582517.82
538397.63,6582250.75
538398.21,6582270.76
538937.31,6582416.48
538301.33,6582240.88
538884.97,6582415.85
538278.49,6582203.21
538854.56,6582401.52
537502.57,6582254.51
537502.57,6582254.51
538187.07,6582141.79
538108.13,6582127.29
538058.5,6582122.29
538020.39,6582116.77
537979.36,6582106.66
537939.86,6582087.78
537916.94,6582058.82
537856.36,6582087.44
537794.59,6582086.12
537767.52,6582081.79
537676.53,6582030.94
537675.64,6582053.6
537502.36,6582176.83
537500.81,6582195.14
537468.12,6582215.93
537440.72,6582261.43
537395.53,6582311.9
541459.14,6581946.18
541518.1,6581689.82
541503.47,6581687.99
541416.25,6581453.81
541196.79,6581431.22
541021.5,6581795.84
541024.18,6581771.59
538916.7,6583237.99
538973.58,6583204.56
538938.38,6583156.27
538947.44,6583123.25
540711.95,6582639.24
540675.65,6582603.68
540725.21,6582581.79
540681.89,6582573.51
540666.93,6582528.35
540724.6,6582454.15
540676.83,6582459.54
542178.45,6581788.92
536323,6581859
536296.78,6581883.58
536278.8,6581836.81
536185.02,6581853.09
536192.08,6581898.38
536161.24,6581912.98
536129.22,6581871.55
536113.61,6581912.04
536101,6581870.85
536090.5,6581937.28
536074.03,6581877.56
536055.29,6581924.68
536178.8,6581511.68
536144.02,6581550.11
536218.47,6581526.84
536218.47,6581526.84
536188.39,6581556.1
536142.36,6581614.95
536192.48,6581575.28
536145.28,6581662.76
536178.72,6581645.73
536189.94,6581677.57
536150.32,6581688.17
536213.45,6581641.25
536201.58,6581726.02
536219.19,6581853.89
536239.11,6581724.22
536217.86,6581933.43
536219.86,6581918.11
536234.81,6581755.58
536277.7,6581750.81
536256.34,6581781.15
536245.62,6581847.74
536259.27,6581881.18
536300.14,6582192.65
536301.61,6582229.67
536280.51,6581980.82
536323.8,6582280.88
536303.49,6582015.19
536352.71,6582439.31
536298.45,6582084.93
536356.5,6582468.06
536309.27,6582125.92
536368.06,6582140.36
536360.2,6582534.89
536377.61,6582161.39
536352.04,6582196.93
536345.3,6582224.32
536348.01,6582246.57
536377.71,6582385.85
536393.92,6582431.32
536391.51,6582499.79
536394.33,6582520.61
536396.55,6582540.05
536400.06,6582569.75
535277.19,6579795.51
535271.93,6579852.61
535289.62,6579812.73
535309.65,6579838.03
537502.5,6583979.81
537502.89,6584090.37
537563.24,6584079.31
537635.88,6584075.83
534967.2,6580360.94
534985.34,6580315.88
534948.38,6580339.06
534926.35,6580319.34
534951.78,6580265.13
534913.73,6580288.18
534878.47,6580245.46
534907.94,6580204.88
538043.58,6581916.72
538061.26,6581891.31
538009.08,6581905.6
538078.48,6581856.79
538092.27,6581837.11
538105.24,6581816.22
538119.94,6581791.48
538012.39,6581858.88
538039.52,6581844.78
538170.32,6581726.99
538074.93,6581801.13
538106.27,6581678.57
538158.07,6581668.3
538275.84,6581577.38
538240.42,6581566.07
540689.42,6581522.17
538718.8,6583581.77
536199.52,6581405.71
536202.63,6581482.18
536167.49,6581459.05
536149.3,6581422.94
536088.97,6581471.56
536066.61,6581443.79
536032.89,6581492.99
536035.62,6581454.03
535978.62,6581515.4
535944.72,6581514.44
535942.53,6581456.78
535868.43,6581531.89
535900.65,6581482.92
535869.17,6581481.39
535829.03,6581501.46
535818.27,6581504.3
535743.43,6581576.59
535707.88,6581537.36
535687.74,6581579.3
535618.25,6581556.2
535622.51,6581633.03
535588.57,6581629.35
535533.9,6581569.54
535557.03,6581636.67
535506.72,6581575.17
535486.52,6581594.2
535481.96,6581629.7
535435.1,6581597.92
535450.5,6581634.09
535392.66,6581594.22
535412.91,6581611.39
535422.96,6581641.44
537400.8,6581194.09
537371.69,6581204.77
537401.79,6581160.59
537365.88,6581178.57
537362.36,6581146.5
537337.97,6581168.45
536898.41,6581697.85
536965.91,6581689.37
536934.96,6581660.47
537013.28,6581653.53
537109.81,6581599
537119.01,6581583.3
537156.24,6581580.71
537119.01,6581543.57
537094.99,6581514.57
537185.94,6581487.39
537251.92,6581515.8
537223.9,6581470.41
537289.03,6581396.45
537339.27,6581321.26
537352.01,6581280.32
537406.7,6581347.27
537481.1,6581166.13
537495.96,6581213.15
537511.26,6581123.51
537487.29,6581115.42
537511.85,6581188.4
537523.98,6581100.64
537508.07,6581068.03
537529.13,6581044.32
538362.37,6583294
538320.68,6583349.91
538296.98,6583331.03
538232.17,6583271.03
538158.24,6583265.9
538136.82,6583248.77
538116.91,6583265.82
535956.2,6582416.54
535936.65,6582433.75
535912.69,6582448.55
535991.04,6582453.93
536495.82,6582125.24
536483.64,6582125.8
536462.62,6582115.19
536496.73,6582193.47
536446.71,6582167.72
536440.97,6582227.71
536425.93,6582253.95
536417.51,6582155.46
536428.34,6582182.35
536414.66,6582205.45
536498.78,6582224.94
536401.38,6582285.14
536469.27,6582264.17
536415.58,6582325.93
536441.56,6582288.19
536423.54,6582379.62
536462.11,6582400.24
536493.41,6582516.05
536440.26,6582470.21
536458.12,6582490.97
536705.93,6582828.39
536697.79,6582873.19
536454.94,6582511.12
536593.32,6582876.94
536456.05,6582532.85
536602.37,6582926.49
536610.76,6582961.72
536643.3,6583010.87
536692.13,6582988.34
536498.84,6582722.79
536507.36,6582777.23
536519.24,6582797.16
536562.85,6582952.76
536574.05,6583003.25
538545.47,6582093.77
538525.65,6582072.36
538410.5,6582020.54
538430.47,6581951.45
538337.15,6581886.39
538305.76,6581914.37
538284.33,6581970.7
538280.25,6581896.55
538178.23,6581768.72
538141.45,6581761.89
538157.07,6581805.55
538055.58,6581717.6
538068.93,6581697.93
537954,6581665
538055.78,6581764.29
537913.5,6581644.97
537896.74,6581634.51
538038.75,6581744.48
537974.08,6581713.78
537899.68,6581672.24
537917.8,6581683.24
537775.25,6581639.43
537825.99,6581629.82
537644.94,6581471.1
537655.59,6581551.02
537587.81,6581460.4
537655.05,6581518.92
537474.15,6581404.58
537523.47,6581475.76
537392.32,6581463.38
537396.78,6581383.54
540737.77,6583976.32
540713.14,6583956.47
540649.75,6583947.57
540620.56,6583930.39
540577.13,6583907.69
540518.73,6583882.5
540487.31,6583858.11
540462.58,6583850.26
539543.85,6581834.2
539490,6581826.39
539491.75,6581804
539580.21,6581821.59
539504.15,6581783.63
539553.38,6581791.17
535618.79,6579778.81
535668.42,6579983.22
535622.39,6579857.04
535644.22,6580028.15
535619.31,6580040.05
536314.05,6582893.91
536494.64,6582964.98
536485.37,6582905.99
536536.34,6582886.83
536494.09,6582654.83
536458.73,6582666.38
536433.07,6582716.1
536396.9,6582658.5
536312.86,6582751.61
536291.46,6582740.1
536311.62,6582698.77
536294.88,6582701.67
536272.55,6582684.43
536252.9,6582711.01
536165.3,6582775.6
536206.13,6582853.92
536212.9,6582728.31
536135.93,6582774.87
536142.51,6582801.91
536149.65,6582828.61
536110.69,6582784.31
536142.19,6582740.18
536100.26,6582744.77
536305.49,6583342.75
537426.88,6583779.58
537509.51,6583708.79
539111,6583253
535537.17,6580979.68
535503.76,6581039.96
535533.77,6581011.97
535545.29,6581038
535508.33,6581112.3
535557.32,6581080.06
535553.54,6581207.5
535560.64,6581228.93
535522.54,6581233.45
535522.54,6581233.45
535563.12,6581260.63
535521.04,6581261.35
535606.27,6581203.24
535578.99,6581304.56
535572.94,6581275.73
535613.13,6581235.2
535585.75,6581329.03
535603.64,6581262.72
535607.45,6581300.03
535601.41,6581435.97
535597.71,6581492.29
535644.65,6581407.6
535642.11,6581604.13
535656.12,6581646.88
535662.44,6581488.83
535698.34,6581484.43
535671.84,6581703.28
535690.05,6581808.29
535722.81,6581889.01
535678.93,6581898.78
535729.58,6581915.97
535712.85,6581723.23
535736.96,6581955.64
535717.72,6581746.77
535761.95,6582029.87
535751.91,6582001.15
535747.49,6581843.42
535770.73,6581905.3
535771.37,6581951.75
535795.21,6582175.84
535782.62,6581988.7
535810.95,6582247.66
535798.83,6582210.58
535790.14,6582021.42
535816.36,6582269.25
535771.83,6582282.36
535813.22,6582297.39
535838.21,6582074.05
535823.53,6582325.04
535851.22,6582403.29
535857.55,6582451.81
535873.8,6582480.07
535894.89,6582307.62
535892.37,6582330.59
535966,6582580
535583.55,6581029.95
535741.25,6581017.45
535709.12,6580961.05
537611.65,6583474.22
537351.45,6583457.4
537324.51,6583454.98
537486.87,6583467.12
537304.89,6583441.8
537448.51,6583456.26
537282.52,6583433.3
537260.96,6583427.61
537390.9,6583439.07
537207.7,6583415.96
537278.51,6583401.11
537212.38,6583375.23
537594.08,6583911.18
537618,6583890.25
537664.18,6583955.68
537625.45,6583936.57
537621.56,6583983.69
537587.95,6583932.76
537507.17,6583906.7
537507.78,6583953.88
537368.32,6583903.13
537287.19,6583897.38
537312.46,6583898.85
537321.5,6583901.29
537331.23,6583901.91
537341.08,6583900.43
537263.95,6583892.67
537248.62,6583927.77
537293.72,6583935.97
537291.22,6583971.48
537182.61,6583920.89
537161.58,6583902.56
537099.2,6583980.36
537126.02,6583897.07
537108.68,6583873.5
537166.3,6583846.57
537184.64,6583826.94
537203.83,6583807.18
537033.79,6583861.47
537075.92,6583851.56
537059,6583789
537023.53,6583747.36
537002.92,6583815.7
536842.21,6583851.56
536917.18,6583770.02
536899.45,6583757.89
536892.58,6583808.31
536886.54,6583827.62
536873.74,6583852.61
536867.85,6583739.05
536863.03,6583743.13
536860.04,6583748.71
536859.72,6583755.56
536854.15,6583759.69
536853.95,6583766.86
536850.29,6583771.63
536845.45,6583775.89
536842.54,6583781.31
536839.6,6583786.79
536838.41,6583793.64
536836.03,6583800.25
536825.03,6583814.1
536824.81,6583820.5
536819.37,6583824.67
536816.48,6583830.07
536813.61,6583835.44
536810.66,6583840.97
536809.41,6583847.37
536804.34,6583852.78
536815.58,6583713.12
536844.45,6583727.18
536841.48,6583732.76
536838.58,6583738.18
536835.69,6583743.6
536832.8,6583749.02
536829.83,6583754.59
536823.85,6583765.59
536820.98,6583770.97
536818.05,6583776.44
536815.15,6583781.87
536812.21,6583787.34
536791.77,6583754.53
536782.96,6583770.81
536780.04,6583776.22
536777.1,6583781.66
536776.84,6583788.47
536768.38,6583797.77
536767.07,6583804.18
536785.66,6583695.39
536783.54,6583701.52
536773.91,6583717.69
536762.12,6583739.07
536756.25,6583749.94
536753.83,6583756.15
536760.82,6583687.92
536754.49,6583699.53
536745.61,6583715.8
536739.53,6583726.94
536734.22,6583668.14
537526.9,6581394.35
537562.31,6581326.64
537548.79,6581283.7
537499.3,6581347.53
537617.57,6581257.72
537591.43,6581245.39
537544.29,6581225.56
537430.98,6581361.14
535115.14,6580292.58
535080.15,6580320.78
535022.48,6580248.47
535007.66,6580221.28
534959.69,6580164.12
534928.1,6580116.7
534891.57,6580064.78
538889,6583559
538864.92,6583575.65
538848.3,6583614.83
538903.27,6583653.99
538894.56,6583649.03
538860.08,6583591.78
538913.43,6583633.56
538908.65,6583643.94
538923.65,6583661.01
538903.31,6583628.59
538872.85,6583598.42
538921.45,6583626.76
538911.41,6583661.79
538863.95,6583633.39
538894.54,6583611.82
538876.04,6583614.07
538920.03,6583647.51
538899.17,6583639.56
538893.14,6583623.33
538885.46,6583629.48
538869.76,6583622.98
538460.84,6583075.34
538529.79,6583026.37
538518.16,6582944.83
538562.76,6582953.99
538574.62,6582905.73
538562.43,6582844.21
538575.9,6582820.45
538611.07,6582737.38
538627.76,6582656.96
538684.63,6582643.58
538696.37,6582621.77
538803.22,6582244.82
538794.11,6582381.94
538802.47,6582367.73
538810.72,6582217.86
538825.08,6582175.13
538829.28,6582288.38
538845.57,6582244.98
538848.86,6582226.88
538811.14,6582016.54
538819.31,6581962.78
538868.5,6582118.87
538876.35,6582032.08
538740.89,6581919.16
538876.8,6582004.99
538719.83,6581843.33
537003.17,6583350.04
536957.59,6583142.09
536907.21,6583170.8
536882.88,6583196.22
536348.23,6583445.07
536330.28,6583445.36
536300.04,6583455.07
536232.79,6583463.62
536409.07,6583213.92
536152.59,6583455.4
536349.36,6583387.7
536326.69,6583402.29
536078.49,6583443.29
536299.88,6583408.32
536051.48,6583437.98
536279.49,6583410.03
536001.66,6583429.94
536234.72,6583408.89
536190.62,6583404.94
535927.13,6583418.56
536164.08,6583411.71
535905.68,6583425.06
536111.24,6583408
535844.07,6583406.02
536077.3,6583400.99
535811.61,6583388.81
536038.69,6583395.46
535986.12,6583384.58
535715.66,6583399.66
535955.83,6583378.97
535907.79,6583367.81
535675.65,6583423.4
535881.71,6583364.41
535659.74,6583430.41
535633.27,6583441.98
535407.29,6583558.28
538180.02,6581983.09
538143.41,6581962.54
538193.87,6581976.48
538189.66,6581966.8
538153.27,6581942.98
538199,6581948.84
538179.06,6581916.62
538210.39,6581927.35
538219.6,6581905.87
538200.09,6581873.85
538216.42,6581843.48
538234.24,6581803.45
538277.81,6581801.69
538307.95,6581824.12
538323.34,6581807.09
538355.32,6581753.97
538346.08,6581672
538409.41,6581715.86
538427.9,6581681.39
538126.09,6581832.86
538173.79,6581859.11
538112.87,6581852.13
538163.74,6581876.2
538100.79,6581870.44
538150.18,6581904.63
540758.72,6583496.1
540687.27,6583428.18
540655.57,6583420.39
540706.65,6583513.31
540572.73,6583350.89
540518.76,6583260.72
540599.13,6583476.21
540592.95,6583440.22
540573.9,6583435.92
540419.96,6583210.07
540405.09,6583183.84
540494.42,6583364.75
540473.53,6583341.43
540425.76,6583322.99
540408.83,6583274.34
540380.65,6583273.71
540369.01,6583286.3
540189.79,6583042.12
540357.35,6583235.42
540327.89,6583245.15
540236.51,6583167.97
540147.48,6583063.42
540000.35,6582860.67
540063.86,6582996.06
539959.57,6582955.13
539880.6,6582791.71
539816.11,6582846.3
539855.46,6582770.63
539876.18,6582760.25
539764.46,6582843.75
539837.84,6582751.15
539869.18,6582711.08
539675.84,6582718.29
539647.9,6582714.66
539740.91,6582670.03
539704.2,6582652.85
539576,6582687
539533.26,6582649.43
539502.51,6582631.8
539527.34,6582558.39
539423.12,6582521.92
539366.38,6582553.21
539299.33,6582513.82
539336.89,6582471.6
539213.6,6582493.81
539289.81,6582457.66
539267.95,6582449.95
539149,6582467
539193.16,6582407.81
538923,6582392.05
538896.7,6582370.17
539046.99,6582371.38
539056.05,6582351.4
538814.69,6582348.32
538901.38,6582280.92
538867.22,6582293.43
538190.75,6582097.43
538183.39,6582079.8
538162.17,6582089.4
538798.05,6582266.49
538778.21,6582258.51
538760.55,6582250.73
538054.83,6582017.35
538011.78,6582037.91
538015.78,6582005.02
538671.3,6582202.11
537958.11,6582034.15
538609.01,6582193.25
537924.5,6581972.03
537870.52,6581948.51
538490.56,6582133.43
538477.83,6582113.27
538398.33,6582073.12
538358.59,6582093.87
538271.56,6581995.47
537629.23,6581881.96
537619.27,6581763.19
538175.95,6582006.86
537542.54,6581683.9
538130.36,6581993.97
537472.68,6581683.45
538095.79,6581979.4
538094.29,6581933.59
537460.63,6581633.44
537447.07,6581619.04
537402.16,6581573
537949.31,6581921.06
537315.54,6581503.34
537937.73,6581892.21
537835,6581853.91
537813.52,6581840.07
537741.77,6581776.98
537720.13,6581741.7
537737.63,6581707.98
537716.84,6581694.77
537037.03,6581323.48
537695.46,6581682.53
537668,6581720
537600.28,6581671.39
537574.26,6581644.84
537548.91,6581626.5
537567.14,6581618.31
537590.8,6581588.43
537529.89,6581610.71
537491.87,6581579.54
537462.64,6581562.33
537438.81,6581540.85
537413.02,6581520.64
537386.96,6581500.26
537338.02,6581457.14
537361.3,6581481.06
536435.37,6581025.54
536382.35,6581004.14
537178.66,6581319.46
535987.23,6580904.96
537071.23,6581241.72
537022.5,6581212.45
537006.91,6581202.97
536987.11,6581197.53
536966.51,6581183.3
536968.21,6581155.17
536948.45,6581151.53
536931.85,6581168.68
536911.41,6581164.94
536872.91,6581149.66
536826,6581115
536803.02,6581103.23
536776,6581094
536735.12,6581099.57
536757.64,6581045.07
536768.74,6581020.3
536711.44,6581089.75
536673.51,6581065.09
536657.08,6581054.71
536508.07,6580994.97
536477.36,6580982.01
536382.57,6580950.01
536358.85,6580940.24
536334.5,6580931.78
536283.23,6580917.18
536169.4,6580885.8
536125.56,6580875.9
536041.49,6580843.1
536025,6580830
536089,6580830
536007.85,6580800.4
536000.04,6580750.52
535987.2,6580584.21
536033.87,6580580.16
536074.32,6580560.54
539789.62,6583272.57
539755.44,6583330.03
539729.42,6583291.4
539693.49,6583283.78
539679.96,6583178.11
539684.01,6583262.48
539673.92,6583163.6
539659.68,6583164.18
539613.95,6583193.79
539599.21,6583172.13
538075.8,6583361.43
538058.23,6583371.97
538099.78,6583384.79
539976.17,6583475.6
539943.44,6583445.07
539905.7,6583437.11
539961.44,6583419.62
536226.12,6582166.02
536271.61,6582234.27
536208.09,6582197.25
536160.43,6582185.22
536181.36,6582238.65
539257.52,6583311.48
539212.71,6583274.01
539238.31,6583267.13
539254.63,6583162.35
539386.22,6583066.62
539422.36,6583049.77
539504.87,6582961.11
539399.51,6583001.56
539544.96,6582939.73
539417.57,6582950.79
539562.67,6582926.65
539442.59,6582903.61
539617.44,6582865.72
539504.68,6582893.37
539658.28,6582876.47
539664.7,6582839.02
539727.13,6582826.61
539747.79,6582819.22
539543.69,6582746.5
539817.56,6582726.8
539577.63,6582745.23
539848.71,6582693.17
539599.85,6582765.5
539870.73,6582676.76
539606,6582782
539903.4,6582609.61
539651.21,6582799.36
539673.49,6582786.99
539948.49,6582559.97
539960.69,6582581.52
539979.86,6582544.61
539711.06,6582760.58
540003.05,6582522.81
540054.64,6582531.41
539779.36,6582684.06
540033.55,6582486.46
539807.08,6582659.77
540123.08,6582446.26
540158.13,6582450.93
539864.57,6582572.95
540242.05,6582391.8
539903.06,6582559.47
540290.1,6582381.22
540334.99,6582402.52
539929.04,6582483.39
539905.1,6582453.07
539950.52,6582453.9
540497.31,6582281.41
540158.05,6582370.67
540298.89,6582275.22
540334.49,6582308.62
540885.04,6582180.9
540358.27,6582295.88
541081.81,6582179.42
540366.26,6582247.61
541148.54,6582225.05
540474.19,6582233.14
540604,6582146.53
540640,6582176
540674.79,6582151.9
540741.62,6582137.96
541194,6582056.25
542047.84,6582086.67
539703,6582472
539642.28,6582480.88
539654.59,6582455.69
539688.5,6582459.59
539617.64,6582440.12
539626.24,6582465
539604.76,6582457.75
539573.59,6582483.18
539528.36,6582374.5
539406.03,6582411.07
539456.24,6582427.07
539454.42,6582391.43
539376.92,6582406.33
539439.22,6582356.36
539429.26,6582384.76
539266.06,6582359.28
539237.56,6582358.85
539317,6582341.47
539289.75,6582325.78
539255.39,6582270.23
539185.55,6582346.87
539165.05,6582267.61
539126.49,6582268.29
539156.65,6582326.26
539074.03,6582245.43
539116.47,6582300.26
537641.45,6582505
537659.23,6582491.02
538739.66,6583554.46
538549.42,6583518.44
538056.77,6583597.79
538446.53,6583494.6
537762.65,6583613.14
538360.59,6583489.04
538361.68,6583507.38
537680.64,6583582.44
537674.51,6583552.16
538344.18,6583506.69
538310.33,6583501.71
538278.8,6583501.94
537552.57,6583581.55
538243.61,6583499.55
538240.73,6583489.18
538231.18,6583499.91
537495.29,6583576.57
537425.72,6583544.49
538153.13,6583473.65
537360.5,6583521.76
538111.46,6583477.72
538125.17,6583487.14
537268.2,6583515.49
538073.82,6583471.03
537158.96,6583507.32
538040.74,6583480.18
537893.15,6583497.53
537761.61,6583505.52
537745.57,6583502.4
537722.75,6583512.31
537693.1,6583498.41
537335.32,6583501.58
537326.51,6583505.52
537280.27,6583452.54
537201.92,6583453.58
538947.34,6583594.86
538922,6583615
538983.4,6583690.92
538945.18,6583679.82
539031,6583632
539004.54,6583729.8
539030.24,6583741.85
539103.67,6583698.04
539038.89,6583691.23
539056.11,6583703.1
539172.22,6583743.44
539077.27,6583744.69
539167.09,6583777.2
538281.46,6581650.2
538326.28,6581658.1
538346.44,6581642.65
538379,6581645
538374,6581641
538371,6581639
538313.41,6581602.53
538328.11,6581690.39
538303.13,6581718
538313.93,6581672.47
538275.97,6581694.78
538243.46,6581614.52
538216.71,6581594.96
538142.25,6581596.81
538210.72,6581543.38
538131.03,6581575.43
538190.62,6581525.38
538166.68,6581550.3
538086.58,6581526.96
538048.43,6581515.69
537914.79,6581416.99
538110.77,6581426.17
538073.06,6581464.72
538029.48,6581431.39
537705.58,6581270.46
537983.6,6581400.44
537652.79,6581237.78
537940.14,6581371.81
537920.5,6581359.39
537897.5,6581345.4
537870.16,6581326.8
537855.37,6581315.29
537834.29,6581303.15
537816.49,6581295.08
537801.22,6581220.04
537750.28,6581248.49
537744.76,6581190.24
537714.6,6581229.71
537689.64,6581125.14
537611.78,6581169.18
537547.67,6581131.34
536706.39,6582052.94
536556.97,6582237.79
536545.47,6582270.68
536621.14,6582255.47
536612.5,6582284.01
536830.31,6581984.17
536505.28,6583617.65
536139.32,6583622.15
536110.44,6583615.51
536008.4,6583589.14
535874.63,6583560.43
535805.13,6583544.82
535776.62,6583541.79
536910.94,6581377.72
536940.62,6581345.8
536948.28,6581354.43
536957.5,6581332.7
537000.2,6581374.54
537034.07,6581182.3
537143.36,6581119.28
537042.28,6581161.74
537053.83,6581143.24
537065.31,6581121.77
537079.06,6581096.16
537037.97,6581069.14
537093.17,6581072.95
537112.78,6581036.71
541375.28,6584029.52
541334.24,6584008.66
541437.41,6583991.9
541453.77,6583996.09
541438.6,6583907.87
541472.17,6583878.19
541474.75,6583842.67
541517.59,6583829.23
541747.6,6583614.37
542346.85,6582073.06
542344.79,6582091.46
542358.87,6582113.96
542337.08,6582108.1
542325.44,6582112.28
542940.06,6581529.23
542976.18,6581404.99
543050.16,6581311.66
543210.23,6581168.44
543262.33,6581095.72
543522.68,6580774.36
543545.9,6580796.03
539424.53,6583545.4
539483.15,6583607.46
537665.57,6582430.77
537619.24,6582431.93
537578.66,6582353.8
537591.73,6582408.97
537560.87,6582338.87
537543.57,6582319.43
537547.23,6582376.26
537452.35,6582181.02
537420.6,6582235.12
537400.7,6582167.96
537392.23,6582225.31
537371.87,6582192.5
537405.05,6582126.66
537336.18,6582176.89
537345.85,6582165.71
537310.31,6582143.43
537319.1,6582134.02
537292.06,6582111.71
537263.26,6582085.3
537318.82,6582089.28
537293.03,6582070.39
537266.39,6582042.36
537248,6582027.67
540481.96,6581952.89
540500.88,6581947.61
540498.77,6581906.85
540542.39,6581934.34
540524.95,6581897.83
540570.78,6581916
540567.25,6581888.91
540627.04,6583375.61
540588.76,6583331.09
540644.44,6583334.89
540593.08,6583293.12
540671.52,6583309.5
540590.83,6583250.34
540660.62,6583293.83
540685.59,6583286.4
540586.57,6583205.52
540644.15,6583270.98
540632.87,6583228.6
540599.08,6583117.67
540564.21,6583049.84
540504.82,6583035.02
540632.22,6583092.27
540640.23,6582975.44
540661.05,6582979.95
540586.52,6582770.33
540641.17,6582949.13
540593,6582645.69
540583.14,6582625.06
540594.83,6582549.08
540631.59,6582729.39
540588.97,6582531.58
540589.16,6582493.1
540636.28,6582471.61
540647.43,6582473.6
540585.83,6582343.21
540452.75,6582120.51
540589.36,6582315.73
540579.41,6582288.14
540562.68,6582293.86
540445.26,6581959.4
540430.96,6581915.48
540380.9,6581972.84
540412.91,6581953.94
540392.69,6581898.76
540387.91,6581873.87
540415.12,6581856.69
538492.94,6583259.16
538566.27,6583250.6
538537.39,6583255.28
538549.52,6583267.03
538564.86,6583275.18
539571.26,6583443.03
539582.36,6583411.85
539631.98,6583389.79
539652.31,6583391.24
539594.61,6583337.25
540834.54,6581650.47
540831.62,6581472.03
540899.8,6581369.09
540849,6581256
540899.44,6581179.34
540498.74,6583616.25
540528.22,6583592.22
540637.96,6583544.27
540686.27,6583168.77
540710.19,6583213.4
540878.76,6583210.21
540873.41,6583159.41
540933.92,6583182.77
540909.87,6583156.41
540906.34,6583127.35
537262.97,6582361.15
537217.65,6582376.82
537214.09,6582305.2
537182.26,6582280.92
537182.34,6582339.42
537155.83,6582261.05
537149.87,6582304.48
537152.92,6582238.9
537120.18,6582275.78
537118.63,6582226.83
537088.94,6582238.3
537070.79,6582222.35
537072.48,6582177.29
537023.89,6582175.21
536957.6,6582125.31
536987.85,6582084.18
536905.14,6582091.11
536903.52,6582014.35
536863.56,6582028.05
536791.49,6581953.22
536701.9,6581844.61
538056.64,6583065.95
537863.01,6583017.29
537673.71,6583003.9
537606.78,6583002.42
537586.49,6583018.23
537390.28,6582989.07
537572.4,6582994.66
537356.23,6582993.85
537541.28,6582999.31
537320.23,6582997.92
537531.75,6583017.27
537509.48,6583005.76
537475.18,6583008.6
536984.72,6583087.76
536960.84,6583092.28
536094.23,6582494.06
536063.24,6582496.96
536063.71,6582520.64
536006.86,6582534.93
536110.61,6582565.65
536068.19,6582549.39
536008.09,6582544.22
536111.08,6582589.23
536064.46,6582565.5
536094.76,6582613.92
536055.39,6582597.41
536097.51,6582648.56
536132.98,6582649.96
536123.87,6582636.63
536133.81,6582670.94
536053.91,6582609.24
536098.2,6582722.93
536072.22,6582755.55
539904.03,6582916.18
539177.79,6583274.95
539148.48,6583284.78
539130.68,6583311.43
539246.92,6583256.92
539218.04,6583302.07
539304.92,6583218.03
539291.73,6583208.87
539367.61,6583231.85
539381.74,6583169.89
539376.67,6583147.23
539403.44,6583231.65
539404.71,6583142.55
539473.44,6583134.26
539546.2,6583146.32
539629.23,6583082.47
539515.52,6583086.84
539556.35,6583081.74
539731.1,6583005.49
539520.7,6583050.26
539543.21,6583051.15
539789.46,6582984.87
539791.54,6582988.38
539790,6582993
539558.02,6583017.82
539806.47,6582958.95
539564.19,6583038.86
539623.05,6583026.8
536579.34,6581914.1
536527.42,6581890.65
536531.2,6581947.83
536519.04,6581993.86
536506.48,6581985.42
536476.2,6581972.6
536341.34,6582036.01
536381.32,6582082.86
536345.11,6582099.95
536249.64,6582051.75
536207.95,6582063.36
536265.98,6582094.16
536236.72,6582119.51
535982.7,6582124.08
536105.76,6582138.71
535885.57,6582147.89
535764.13,6582184.39
535729.14,6582193.64
535914.82,6582187.82
535681.08,6582209.57
535604.73,6582216.48
535781.79,6582246.65
535768.21,6582216.49
535634.32,6582248.97
535598.12,6582257.54
540956.77,6583557.46
540947.9,6583592.41
540887,6583526.88
538289.98,6583419.37
538265.17,6583448.61
538246.01,6583477.37
538289.94,6583465.03
535327.95,6583696.33
535341.82,6583718.64
535351.21,6583742.18
